id,date,day_of_week,arrival_time,hour,service_time_minutes,wait_time_minutes,queue_length,people_ahead,status,counter_id
292,2025-03-01,Saturday,2025-03-01 09:33:13,9,20,23.56,11,2,served,C2
503,2025-03-01,Saturday,2025-03-01 10:15:47,10,5,16.88,32,5,served,C2
45,2025-03-01,Saturday,2025-03-01 10:32:36,10,5,24.28,13,9,served,C1
41,2025-03-01,Saturday,2025-03-01 10:46:20,10,13,211.46,36,32,served,C1
611,2025-03-01,Saturday,2025-03-01 11:15:07,11,10,31.36,20,6,served,C1
735,2025-03-01,Saturday,2025-03-01 11:22:32,11,6,32.49,34,10,served,C1
384,2025-03-01,Saturday,2025-03-01 11:49:24,11,14,168.13,38,24,served,C1
693,2025-03-01,Saturday,2025-03-01 12:02:43,12,16,52.49,19,6,served,C1
337,2025-03-01,Saturday,2025-03-01 12:07:23,12,11,57.03,17,10,served,C2
289,2025-03-01,Saturday,2025-03-01 12:24:37,12,14,52.35,36,7,served,C1
826,2025-03-01,Saturday,2025-03-01 12:50:26,12,14,9.23,15,1,served,C1
680,2025-03-01,Saturday,2025-03-01 12:57:47,12,9,57.32,32,12,served,C2
246,2025-03-01,Saturday,2025-03-01 13:09:46,13,19,229.58,36,24,served,C2
273,2025-03-01,Saturday,2025-03-01 13:39:25,13,12,114.66,24,19,served,C2
627,2025-03-01,Saturday,2025-03-01 13:42:42,13,16,0.45,5,0,served,C1
229,2025-03-01,Saturday,2025-03-01 14:10:44,14,6,4.13,2,0,served,C1
226,2025-03-01,Saturday,2025-03-01 14:14:10,14,9,18.39,6,4,served,C2
820,2025-03-01,Saturday,2025-03-01 14:20:16,14,20,3.27,2,0,served,C2
576,2025-03-01,Saturday,2025-03-01 14:42:16,14,10,5.5,4,1,served,C2
234,2025-03-01,Saturday,2025-03-01 15:19:20,15,17,42.63,11,5,served,C2
603,2025-03-01,Saturday,2025-03-01 15:20:04,15,7,14.38,6,3,served,C1
789,2025-03-01,Saturday,2025-03-01 15:40:21,15,9,5.03,2,1,served,C1
12,2025-03-01,Saturday,2025-03-01 15:46:26,15,6,29.11,11,9,served,C2
456,2025-03-01,Saturday,2025-03-01 15:50:43,15,14,3.04,3,0,served,C1
330,2025-03-01,Saturday,2025-03-01 17:23:39,17,10,13.87,13,2,served,C2
120,2025-03-01,Saturday,2025-03-01 17:27:44,17,15,173.21,32,23,served,C1
295,2025-03-01,Saturday,2025-03-01 17:32:54,17,9,7.09,11,1,served,C1
27,2025-03-01,Saturday,2025-03-01 18:10:25,18,13,87.19,17,13,served,C2
769,2025-03-01,Saturday,2025-03-01 18:16:48,18,15,221.09,34,29,served,C1
388,2025-03-01,Saturday,2025-03-01 19:05:26,19,15,11.13,7,1,served,C1
924,2025-03-01,Saturday,2025-03-01 19:27:00,19,7,17.34,7,4,served,C2
441,2025-03-01,Saturday,2025-03-01 19:51:24,19,5,11.49,6,3,served,C2
127,2025-03-02,Sunday,2025-03-02 09:06:05,9,12,0.79,12,0,served,C2
609,2025-03-02,Sunday,2025-03-02 09:28:40,9,20,41.32,9,4,served,C1
864,2025-03-02,Sunday,2025-03-02 09:41:07,9,6,27.2,14,8,served,C1
907,2025-03-02,Sunday,2025-03-02 10:57:01,10,7,99.38,38,28,cancelled,C2
462,2025-03-02,Sunday,2025-03-02 10:57:14,10,13,56.91,15,8,served,C2
710,2025-03-02,Sunday,2025-03-02 10:57:26,10,15,69.64,13,9,served,C2
373,2025-03-02,Sunday,2025-03-02 11:54:37,11,15,129.54,26,17,served,C1
16,2025-03-02,Sunday,2025-03-02 12:55:15,12,5,5.91,17,2,served,C1
280,2025-03-02,Sunday,2025-03-02 13:06:00,13,8,29.94,30,7,served,C2
32,2025-03-02,Sunday,2025-03-02 13:12:04,13,7,24.76,19,7,served,C2
955,2025-03-02,Sunday,2025-03-02 14:12:19,14,19,40.49,6,4,served,C2
527,2025-03-02,Sunday,2025-03-02 14:13:24,14,10,40.74,11,8,served,C2
323,2025-03-02,Sunday,2025-03-02 14:18:15,14,12,24.53,12,4,cancelled,C2
475,2025-03-02,Sunday,2025-03-02 14:58:14,14,10,25.34,14,5,served,C2
927,2025-03-02,Sunday,2025-03-02 15:13:22,15,12,20.76,4,3,served,C1
535,2025-03-02,Sunday,2025-03-02 15:20:06,15,12,10.3,10,1,served,C2
941,2025-03-02,Sunday,2025-03-02 15:28:19,15,16,10.91,11,1,served,C1
587,2025-03-02,Sunday,2025-03-02 16:27:24,16,16,2.96,34,0,served,C2
726,2025-03-02,Sunday,2025-03-02 16:40:33,16,14,87.48,27,12,served,C2
892,2025-03-02,Sunday,2025-03-02 16:44:12,16,9,31.09,34,6,served,C2
270,2025-03-02,Sunday,2025-03-02 16:45:19,16,17,52.21,10,6,served,C2
109,2025-03-02,Sunday,2025-03-02 16:58:18,16,7,95.45,28,27,served,C2
369,2025-03-02,Sunday,2025-03-02 17:30:17,17,11,46.82,13,8,cancelled,C1
104,2025-03-02,Sunday,2025-03-02 18:02:45,18,14,42.34,32,6,served,C1
247,2025-03-02,Sunday,2025-03-02 18:05:12,18,20,261.6,30,26,served,C2
607,2025-03-02,Sunday,2025-03-02 18:12:05,18,12,28.77,10,4,served,C1
906,2025-03-02,Sunday,2025-03-02 18:31:54,18,6,87.64,34,28,served,C2
679,2025-03-02,Sunday,2025-03-02 18:50:15,18,19,14.21,6,1,served,C2
722,2025-03-02,Sunday,2025-03-02 18:55:34,18,19,98.47,27,10,served,C1
793,2025-03-02,Sunday,2025-03-02 19:16:00,19,12,32.97,14,5,served,C2
867,2025-03-03,Monday,2025-03-03 09:23:19,9,16,16.71,5,2,served,C2
249,2025-03-03,Monday,2025-03-03 09:49:52,9,8,45.43,16,11,served,C1
31,2025-03-03,Monday,2025-03-03 10:20:09,10,18,147.12,17,16,served,C1
719,2025-03-03,Monday,2025-03-03 10:46:01,10,6,12.06,10,3,served,C2
296,2025-03-03,Monday,2025-03-03 10:53:03,10,10,51.28,27,10,served,C1
856,2025-03-03,Monday,2025-03-03 11:31:28,11,16,16.51,7,2,served,C2
507,2025-03-03,Monday,2025-03-03 12:08:44,12,15,86.36,30,11,served,C2
410,2025-03-03,Monday,2025-03-03 12:11:26,12,11,162.81,32,29,served,C1
40,2025-03-03,Monday,2025-03-03 12:32:06,12,11,6.87,12,1,served,C2
850,2025-03-03,Monday,2025-03-03 12:46:10,12,9,95.93,32,21,served,C2
882,2025-03-03,Monday,2025-03-03 12:49:59,12,18,4.28,32,0,served,C2
354,2025-03-03,Monday,2025-03-03 13:09:57,13,11,208.47,40,37,served,C1
718,2025-03-03,Monday,2025-03-03 13:11:18,13,20,143.85,17,14,served,C2
101,2025-03-03,Monday,2025-03-03 13:19:33,13,19,19.48,27,2,served,C1
228,2025-03-03,Monday,2025-03-03 13:50:30,13,15,94.31,45,12,served,C1
1,2025-03-03,Monday,2025-03-03 14:30:38,14,12,75.08,20,12,served,C1
376,2025-03-03,Monday,2025-03-03 14:53:32,14,7,4.78,13,0,served,C1
838,2025-03-03,Monday,2025-03-03 15:13:07,15,8,25.48,20,6,served,C2
6,2025-03-03,Monday,2025-03-03 15:22:59,15,13,23.72,10,3,served,C2
395,2025-03-03,Monday,2025-03-03 15:42:50,15,15,165.38,24,22,served,C2
214,2025-03-03,Monday,2025-03-03 15:42:56,15,14,72.73,24,10,served,C1
191,2025-03-03,Monday,2025-03-03 15:51:29,15,14,70.41,19,10,served,C2
515,2025-03-03,Monday,2025-03-03 15:51:39,15,17,105.46,14,12,served,C2
625,2025-03-03,Monday,2025-03-03 16:20:40,16,9,7.62,39,1,served,C1
811,2025-03-03,Monday,2025-03-03 16:24:21,16,13,121.31,25,18,served,C2
157,2025-03-03,Monday,2025-03-03 17:00:21,17,9,76.54,25,17,served,C2
833,2025-03-03,Monday,2025-03-03 17:04:57,17,7,11.23,27,3,served,C1
193,2025-03-03,Monday,2025-03-03 17:46:07,17,20,64.02,20,6,served,C2
92,2025-03-03,Monday,2025-03-03 18:31:59,18,19,31.8,46,3,served,C2
137,2025-03-03,Monday,2025-03-03 18:32:45,18,16,65.67,11,8,served,C1
876,2025-03-03,Monday,2025-03-03 19:03:19,19,15,83.4,19,11,served,C2
372,2025-03-03,Monday,2025-03-03 19:18:41,19,8,20.79,13,4,served,C2
50,2025-03-03,Monday,2025-03-03 19:30:15,19,14,24.38,14,3,served,C2
153,2025-03-03,Monday,2025-03-03 19:36:41,19,18,0.29,16,0,served,C2
405,2025-03-04,Tuesday,2025-03-04 09:08:37,9,5,10.02,8,3,served,C1
77,2025-03-04,Tuesday,2025-03-04 09:10:40,9,10,19.16,4,3,served,C1
858,2025-03-04,Tuesday,2025-03-04 09:27:24,9,5,7.82,7,3,served,C2
341,2025-03-04,Tuesday,2025-03-04 09:28:21,9,19,79.36,17,8,served,C2
929,2025-03-04,Tuesday,2025-03-04 09:29:40,9,19,10.18,17,1,served,C1
339,2025-03-04,Tuesday,2025-03-04 09:33:44,9,17,42.68,11,5,served,C2
605,2025-03-04,Tuesday,2025-03-04 10:08:44,10,12,128.27,30,21,served,C1
397,2025-03-04,Tuesday,2025-03-04 10:24:13,10,13,63.42,35,9,served,C2
822,2025-03-04,Tuesday,2025-03-04 11:39:34,11,17,156.2,37,18,served,C2
995,2025-03-04,Tuesday,2025-03-04 11:49:59,11,20,214.48,22,21,served,C2
424,2025-03-04,Tuesday,2025-03-04 12:41:37,12,20,20.49,17,2,served,C2
449,2025-03-04,Tuesday,2025-03-04 12:43:15,12,9,119.79,33,26,served,C2
534,2025-03-04,Tuesday,2025-03-04 13:01:18,13,17,149.0,33,17,served,C1
751,2025-03-04,Tuesday,2025-03-04 13:03:30,13,12,20.42,44,3,served,C2
549,2025-03-04,Tuesday,2025-03-04 13:05:12,13,11,165.58,35,30,served,C2
589,2025-03-04,Tuesday,2025-03-04 13:06:12,13,17,19.52,6,2,served,C2
981,2025-03-04,Tuesday,2025-03-04 13:06:45,13,20,133.99,15,13,served,C1
738,2025-03-04,Tuesday,2025-03-04 13:14:40,13,12,99.0,19,16,served,C2
764,2025-03-04,Tuesday,2025-03-04 13:17:30,13,10,146.34,41,29,served,C2
488,2025-03-04,Tuesday,2025-03-04 13:18:57,13,9,33.55,19,7,served,C1
80,2025-03-04,Tuesday,2025-03-04 13:32:14,13,15,61.75,15,8,served,C1
95,2025-03-04,Tuesday,2025-03-04 13:35:19,13,5,5.83,22,2,served,C1
946,2025-03-04,Tuesday,2025-03-04 13:36:21,13,18,153.51,22,17,served,C1
135,2025-03-04,Tuesday,2025-03-04 13:54:45,13,7,17.97,44,5,served,C1
132,2025-03-04,Tuesday,2025-03-04 14:08:44,14,16,11.53,10,1,served,C1
213,2025-03-04,Tuesday,2025-03-04 15:36:07,15,5,21.06,13,7,served,C2
51,2025-03-04,Tuesday,2025-03-04 16:04:55,16,12,34.25,18,5,served,C2
436,2025-03-04,Tuesday,2025-03-04 16:13:57,16,17,42.6,10,5,served,C1
659,2025-03-04,Tuesday,2025-03-04 16:32:19,16,14,72.2,16,10,served,C2
942,2025-03-04,Tuesday,2025-03-04 17:03:06,17,5,2.57,22,0,served,C2
75,2025-03-04,Tuesday,2025-03-04 17:29:27,17,16,51.7,16,6,served,C1
435,2025-03-04,Tuesday,2025-03-04 17:32:20,17,17,71.54,12,8,served,C2
174,2025-03-04,Tuesday,2025-03-04 17:36:28,17,15,78.46,38,10,served,C1
178,2025-03-04,Tuesday,2025-03-04 17:43:57,17,10,119.71,24,23,served,C2
418,2025-03-04,Tuesday,2025-03-04 17:44:02,17,6,3.14,24,0,served,C2
653,2025-03-04,Tuesday,2025-03-04 17:53:19,17,17,104.31,14,12,served,C1
713,2025-03-04,Tuesday,2025-03-04 18:14:40,18,16,91.17,26,11,served,C1
275,2025-03-04,Tuesday,2025-03-04 18:23:38,18,15,32.53,16,4,served,C2
63,2025-03-04,Tuesday,2025-03-04 19:23:32,19,17,3.38,5,0,served,C2
528,2025-03-04,Tuesday,2025-03-04 19:50:28,19,6,10.6,9,3,served,C2
333,2025-03-05,Wednesday,2025-03-05 09:48:28,9,8,30.71,11,7,served,C1
580,2025-03-05,Wednesday,2025-03-05 10:32:57,10,13,225.27,41,34,served,C1
894,2025-03-05,Wednesday,2025-03-05 10:41:20,10,15,71.24,15,9,served,C2
100,2025-03-05,Wednesday,2025-03-05 11:14:58,11,14,121.89,24,17,served,C2
791,2025-03-05,Wednesday,2025-03-05 11:23:17,11,17,43.84,6,5,served,C1
957,2025-03-05,Wednesday,2025-03-05 12:19:20,12,5,26.6,19,10,served,C2
440,2025-03-05,Wednesday,2025-03-05 12:26:43,12,19,153.57,22,16,served,C1
400,2025-03-05,Wednesday,2025-03-05 12:50:45,12,20,292.34,41,29,served,C1
970,2025-03-05,Wednesday,2025-03-05 13:40:49,13,11,60.91,15,11,served,C1
126,2025-03-05,Wednesday,2025-03-05 13:51:09,13,18,292.85,37,32,served,C1
610,2025-03-05,Wednesday,2025-03-05 13:59:17,13,19,153.78,41,16,served,C1
871,2025-03-05,Wednesday,2025-03-05 14:30:39,14,7,38.5,13,11,served,C1
506,2025-03-05,Wednesday,2025-03-05 14:57:47,14,18,67.28,9,7,served,C2
648,2025-03-05,Wednesday,2025-03-05 15:08:24,15,18,22.68,13,2,served,C1
816,2025-03-05,Wednesday,2025-03-05 15:36:23,15,6,20.3,7,6,served,C2
999,2025-03-05,Wednesday,2025-03-05 15:39:08,15,6,10.45,10,2,served,C1
554,2025-03-05,Wednesday,2025-03-05 15:50:45,15,19,88.68,20,9,served,C2
161,2025-03-05,Wednesday,2025-03-05 16:17:46,16,10,6.39,10,1,served,C2
99,2025-03-05,Wednesday,2025-03-05 16:37:56,16,7,7.24,38,2,served,C1
453,2025-03-05,Wednesday,2025-03-05 16:44:30,16,5,7.56,8,2,served,C1
559,2025-03-05,Wednesday,2025-03-05 18:32:45,18,11,154.95,38,28,served,C2
925,2025-03-05,Wednesday,2025-03-05 18:34:11,18,13,150.94,38,23,served,C2
167,2025-03-05,Wednesday,2025-03-05 18:49:00,18,20,142.92,24,14,served,C2
805,2025-03-05,Wednesday,2025-03-05 19:35:05,19,12,64.64,14,10,served,C2
28,2025-03-05,Wednesday,2025-03-05 19:43:06,19,16,64.74,14,8,served,C2
988,2025-03-05,Wednesday,2025-03-05 19:51:58,19,7,10.9,4,2,served,C2
770,2025-03-06,Thursday,2025-03-06 09:04:04,9,8,42.41,17,10,served,C2
646,2025-03-06,Thursday,2025-03-06 09:18:23,9,8,54.28,15,13,served,C2
669,2025-03-06,Thursday,2025-03-06 09:31:11,9,11,37.42,18,6,served,C2
678,2025-03-06,Thursday,2025-03-06 09:36:47,9,8,45.09,12,11,served,C1
763,2025-03-06,Thursday,2025-03-06 10:06:42,10,5,50.31,35,19,served,C1
650,2025-03-06,Thursday,2025-03-06 10:15:55,10,17,17.84,8,2,served,C2
8,2025-03-06,Thursday,2025-03-06 10:23:36,10,13,23.39,30,3,served,C2
360,2025-03-06,Thursday,2025-03-06 10:50:27,10,7,18.96,11,5,served,C2
914,2025-03-06,Thursday,2025-03-06 10:54:25,10,11,6.56,26,1,served,C2
324,2025-03-06,Thursday,2025-03-06 11:11:50,11,11,70.95,13,12,served,C2
364,2025-03-06,Thursday,2025-03-06 11:21:12,11,12,79.25,17,13,served,C2
113,2025-03-06,Thursday,2025-03-06 11:21:29,11,8,43.26,28,10,served,C2
224,2025-03-06,Thursday,2025-03-06 11:28:57,11,14,14.96,28,2,served,C1
256,2025-03-06,Thursday,2025-03-06 11:49:39,11,14,94.29,33,13,served,C2
489,2025-03-06,Thursday,2025-03-06 11:53:03,11,11,70.35,19,12,served,C2
124,2025-03-06,Thursday,2025-03-06 12:03:06,12,14,64.13,26,9,served,C1
390,2025-03-06,Thursday,2025-03-06 12:25:14,12,9,35.27,26,7,served,C1
318,2025-03-06,Thursday,2025-03-06 12:36:40,12,18,4.97,11,0,served,C2
158,2025-03-06,Thursday,2025-03-06 12:45:52,12,9,46.45,33,10,served,C2
152,2025-03-06,Thursday,2025-03-06 13:24:18,13,18,46.56,24,5,served,C1
72,2025-03-06,Thursday,2025-03-06 13:39:05,13,20,131.87,15,13,cancelled,C2
760,2025-03-06,Thursday,2025-03-06 13:57:22,13,7,14.26,30,3,served,C1
727,2025-03-06,Thursday,2025-03-06 14:05:50,14,13,73.85,14,11,served,C2
74,2025-03-06,Thursday,2025-03-06 14:22:37,14,18,0.34,3,0,served,C2
849,2025-03-06,Thursday,2025-03-06 14:40:09,14,16,16.58,19,2,served,C1
263,2025-03-06,Thursday,2025-03-06 14:56:59,14,17,29.15,18,3,served,C2
2,2025-03-06,Thursday,2025-03-06 15:21:43,15,13,92.24,15,14,served,C1
582,2025-03-06,Thursday,2025-03-06 15:27:30,15,9,24.26,17,5,served,C2
556,2025-03-06,Thursday,2025-03-06 15:28:23,15,11,13.03,11,2,served,C1
301,2025-03-06,Thursday,2025-03-06 15:42:28,15,7,10.4,3,2,served,C1
166,2025-03-06,Thursday,2025-03-06 15:46:02,15,17,46.56,18,5,served,C1
188,2025-03-06,Thursday,2025-03-06 16:09:17,16,5,17.41,14,5,served,C2
592,2025-03-06,Thursday,2025-03-06 16:59:54,16,17,36.85,8,4,served,C1
792,2025-03-06,Thursday,2025-03-06 17:06:12,17,14,122.21,18,17,served,C1
251,2025-03-06,Thursday,2025-03-06 17:27:22,17,12,34.88,24,5,cancelled,C2
146,2025-03-06,Thursday,2025-03-06 18:15:52,18,13,27.77,6,4,served,C1
977,2025-03-06,Thursday,2025-03-06 18:32:26,18,11,92.0,30,16,served,C1
854,2025-03-06,Thursday,2025-03-06 19:26:01,19,19,58.93,11,6,served,C2
98,2025-03-07,Friday,2025-03-07 09:10:12,9,10,28.22,9,5,served,C2
830,2025-03-07,Friday,2025-03-07 09:24:05,9,12,13.19,19,2,served,C2
235,2025-03-07,Friday,2025-03-07 09:35:28,9,11,79.03,18,14,served,C1
782,2025-03-07,Friday,2025-03-07 09:47:47,9,10,10.34,18,2,served,C1
827,2025-03-07,Friday,2025-03-07 09:59:42,9,19,80.14,19,8,served,C2
465,2025-03-07,Friday,2025-03-07 10:32:02,10,19,247.26,30,26,served,C2
105,2025-03-07,Friday,2025-03-07 10:33:46,10,6,30.35,45,10,served,C1
492,2025-03-07,Friday,2025-03-07 11:01:06,11,19,39.4,12,4,served,C2
35,2025-03-07,Friday,2025-03-07 11:30:41,11,11,47.93,17,8,served,C2
499,2025-03-07,Friday,2025-03-07 12:25:37,12,11,7.67,7,1,served,C2
502,2025-03-07,Friday,2025-03-07 12:43:38,12,10,113.47,35,22,served,C1
545,2025-03-07,Friday,2025-03-07 13:25:18,13,15,176.13,32,23,served,C2
180,2025-03-07,Friday,2025-03-07 13:38:54,13,11,26.66,50,4,served,C2
264,2025-03-07,Friday,2025-03-07 13:41:24,13,10,45.35,37,9,served,C2
926,2025-03-07,Friday,2025-03-07 13:44:32,13,13,46.88,15,7,served,C1
821,2025-03-07,Friday,2025-03-07 15:03:30,15,7,14.92,11,4,served,C1
81,2025-03-07,Friday,2025-03-07 15:11:00,15,13,118.76,22,18,served,C2
57,2025-03-07,Friday,2025-03-07 15:22:26,15,5,48.38,24,19,served,C2
641,2025-03-07,Friday,2025-03-07 15:41:34,15,14,31.74,7,4,served,C1
996,2025-03-07,Friday,2025-03-07 16:17:22,16,11,111.41,46,20,served,C1
445,2025-03-07,Friday,2025-03-07 17:18:05,17,9,18.32,13,3,served,C2
508,2025-03-07,Friday,2025-03-07 17:55:57,17,8,5.26,18,1,served,C2
70,2025-03-07,Friday,2025-03-07 18:20:31,18,20,140.61,29,14,cancelled,C2
730,2025-03-07,Friday,2025-03-07 18:43:44,18,20,242.02,25,24,served,C2
432,2025-03-07,Friday,2025-03-07 18:44:04,18,9,62.45,18,13,served,C1
487,2025-03-07,Friday,2025-03-07 18:53:19,18,5,26.35,11,9,served,C2
352,2025-03-07,Friday,2025-03-07 18:54:00,18,11,60.71,20,11,cancelled,C1
972,2025-03-07,Friday,2025-03-07 19:50:12,19,20,120.38,14,12,served,C2
774,2025-03-08,Saturday,2025-03-08 09:11:55,9,19,12.53,2,1,served,C2
536,2025-03-08,Saturday,2025-03-08 09:16:08,9,17,25.8,4,3,served,C1
628,2025-03-08,Saturday,2025-03-08 09:26:07,9,9,1.83,3,0,served,C2
278,2025-03-08,Saturday,2025-03-08 10:13:48,10,6,60.22,36,19,served,C1
944,2025-03-08,Saturday,2025-03-08 10:31:03,10,16,11.82,5,1,served,C2
419,2025-03-08,Saturday,2025-03-08 11:32:13,11,8,32.83,9,8,served,C2
877,2025-03-08,Saturday,2025-03-08 11:44:08,11,18,73.82,38,8,served,C1
184,2025-03-08,Saturday,2025-03-08 11:50:55,11,12,39.77,24,6,served,C2
481,2025-03-08,Saturday,2025-03-08 13:23:05,13,8,36.14,11,8,served,C1
59,2025-03-08,Saturday,2025-03-08 13:27:00,13,20,21.61,7,2,cancelled,C2
921,2025-03-08,Saturday,2025-03-08 13:33:41,13,8,88.88,34,21,served,C2
216,2025-03-08,Saturday,2025-03-08 14:11:18,14,11,31.83,9,5,served,C2
949,2025-03-08,Saturday,2025-03-08 14:11:53,14,13,6.62,14,1,cancelled,C2
803,2025-03-08,Saturday,2025-03-08 15:33:49,15,6,11.0,4,3,cancelled,C1
194,2025-03-08,Saturday,2025-03-08 15:43:12,15,14,39.15,14,5,served,C1
897,2025-03-08,Saturday,2025-03-08 16:09:58,16,12,62.05,32,10,served,C2
52,2025-03-08,Saturday,2025-03-08 16:18:19,16,16,66.61,32,8,served,C1
732,2025-03-08,Saturday,2025-03-08 16:33:41,16,16,60.03,18,7,served,C2
315,2025-03-08,Saturday,2025-03-08 18:05:49,18,17,110.82,28,13,served,C2
542,2025-03-08,Saturday,2025-03-08 18:09:50,18,12,37.81,20,6,served,C2
498,2025-03-08,Saturday,2025-03-08 18:12:42,18,18,129.88,28,14,cancelled,C2
720,2025-03-08,Saturday,2025-03-08 18:42:32,18,20,222.89,25,22,served,C1
143,2025-03-08,Saturday,2025-03-08 18:48:55,18,11,22.85,27,4,served,C2
991,2025-03-08,Saturday,2025-03-08 19:05:44,19,6,29.06,13,9,served,C1
147,2025-03-08,Saturday,2025-03-08 19:21:58,19,9,51.39,12,11,served,C1
883,2025-03-08,Saturday,2025-03-08 19:35:38,19,18,18.9,4,2,served,C2
431,2025-03-09,Sunday,2025-03-09 09:20:39,9,16,12.89,2,1,served,C1
115,2025-03-09,Sunday,2025-03-09 09:44:57,9,12,1.34,2,0,served,C2
863,2025-03-09,Sunday,2025-03-09 09:46:35,9,8,41.74,11,10,served,C2
739,2025-03-09,Sunday,2025-03-09 10:47:22,10,15,64.81,9,8,served,C2
839,2025-03-09,Sunday,2025-03-09 11:39:56,11,8,21.64,9,5,served,C1
177,2025-03-09,Sunday,2025-03-09 11:52:30,11,14,92.34,15,13,served,C1
344,2025-03-09,Sunday,2025-03-09 12:29:47,12,15,48.54,20,6,served,C1
88,2025-03-09,Sunday,2025-03-09 12:48:19,12,11,101.42,36,18,served,C1
561,2025-03-09,Sunday,2025-03-09 13:06:14,13,12,38.16,20,6,served,C1
200,2025-03-09,Sunday,2025-03-09 13:10:38,13,5,69.17,36,27,served,C1
912,2025-03-09,Sunday,2025-03-09 13:45:43,13,14,81.75,32,11,served,C1
66,2025-03-09,Sunday,2025-03-09 14:06:49,14,5,7.12,4,2,served,C2
345,2025-03-09,Sunday,2025-03-09 15:18:42,15,12,1.38,8,0,served,C1
190,2025-03-09,Sunday,2025-03-09 15:27:17,15,13,32.54,13,5,served,C2
705,2025-03-09,Sunday,2025-03-09 15:32:43,15,7,21.64,7,5,served,C1
343,2025-03-09,Sunday,2025-03-09 15:34:57,15,8,22.05,9,5,served,C2
980,2025-03-09,Sunday,2025-03-09 16:03:42,16,6,40.62,17,12,served,C1
73,2025-03-09,Sunday,2025-03-09 16:43:20,16,8,42.33,30,10,served,C2
560,2025-03-09,Sunday,2025-03-09 17:03:08,17,16,43.8,8,5,served,C2
414,2025-03-09,Sunday,2025-03-09 17:19:07,17,16,50.0,10,6,served,C2
724,2025-03-09,Sunday,2025-03-09 17:37:07,17,16,100.36,27,12,served,C2
377,2025-03-09,Sunday,2025-03-09 17:52:50,17,17,121.88,28,14,served,C2
61,2025-03-09,Sunday,2025-03-09 18:15:57,18,8,13.29,13,3,served,C1
423,2025-03-09,Sunday,2025-03-09 18:30:32,18,20,212.37,22,21,served,C1
493,2025-03-09,Sunday,2025-03-09 18:37:01,18,9,42.1,18,9,served,C1
222,2025-03-09,Sunday,2025-03-09 18:42:41,18,10,51.13,30,10,served,C2
422,2025-03-09,Sunday,2025-03-09 18:45:10,18,17,146.16,30,17,served,C2
557,2025-03-09,Sunday,2025-03-09 19:08:04,19,9,0.02,2,0,served,C2
983,2025-03-09,Sunday,2025-03-09 19:23:13,19,12,20.91,4,3,cancelled,C2
297,2025-03-09,Sunday,2025-03-09 19:45:11,19,10,23.37,10,4,served,C2
392,2025-03-10,Monday,2025-03-10 09:08:47,9,19,33.15,7,3,served,C2
976,2025-03-10,Monday,2025-03-10 09:28:52,9,19,47.59,9,5,served,C1
510,2025-03-10,Monday,2025-03-10 09:37:30,9,10,100.72,26,20,served,C1
277,2025-03-10,Monday,2025-03-10 10:18:01,10,14,10.13,20,1,served,C2
752,2025-03-10,Monday,2025-03-10 10:19:24,10,7,49.62,15,14,served,C1
239,2025-03-10,Monday,2025-03-10 10:21:32,10,7,28.66,25,7,served,C2
635,2025-03-10,Monday,2025-03-10 10:32:20,10,12,110.53,30,18,served,C2
349,2025-03-10,Monday,2025-03-10 11:14:01,11,18,209.43,40,23,served,C2
931,2025-03-10,Monday,2025-03-10 11:14:55,11,12,19.78,22,3,served,C1
836,2025-03-10,Monday,2025-03-10 11:35:18,11,18,94.83,32,10,served,C2
809,2025-03-10,Monday,2025-03-10 11:47:26,11,17,21.17,12,2,served,C2
699,2025-03-10,Monday,2025-03-10 12:07:48,12,9,62.62,15,13,served,C1
824,2025-03-10,Monday,2025-03-10 12:49:11,12,12,248.52,47,41,cancelled,C1
382,2025-03-10,Monday,2025-03-10 12:52:27,12,20,11.42,20,1,served,C1
39,2025-03-10,Monday,2025-03-10 12:53:34,12,11,52.39,42,9,served,C1
781,2025-03-10,Monday,2025-03-10 13:00:35,13,20,452.2,47,45,served,C1
733,2025-03-10,Monday,2025-03-10 13:06:16,13,9,105.11,27,23,served,C1
62,2025-03-10,Monday,2025-03-10 13:08:08,13,7,2.11,27,0,served,C2
204,2025-03-10,Monday,2025-03-10 13:09:13,13,5,3.32,12,0,served,C1
964,2025-03-10,Monday,2025-03-10 13:52:44,13,7,82.33,27,23,served,C2
622,2025-03-10,Monday,2025-03-10 14:20:08,14,12,1.58,16,0,served,C1
460,2025-03-10,Monday,2025-03-10 14:53:45,14,5,54.24,26,21,served,C2
986,2025-03-10,Monday,2025-03-10 14:54:16,14,12,102.03,20,17,served,C2
551,2025-03-10,Monday,2025-03-10 15:14:11,15,19,68.32,13,7,served,C1
842,2025-03-10,Monday,2025-03-10 16:05:44,16,18,46.67,20,5,served,C1
749,2025-03-10,Monday,2025-03-10 16:06:08,16,20,1.34,9,0,served,C2
548,2025-03-10,Monday,2025-03-10 16:07:17,16,11,69.52,16,12,served,C2
666,2025-03-10,Monday,2025-03-10 16:17:52,16,8,12.63,41,2,served,C1
800,2025-03-10,Monday,2025-03-10 16:28:33,16,6,41.77,16,13,served,C1
378,2025-03-10,Monday,2025-03-10 17:05:26,17,10,180.55,43,36,served,C1
600,2025-03-10,Monday,2025-03-10 17:20:21,17,7,67.86,27,19,served,C2
529,2025-03-10,Monday,2025-03-10 17:25:39,17,17,10.66,46,1,served,C1
834,2025-03-10,Monday,2025-03-10 17:26:12,17,18,63.05,16,7,served,C1
477,2025-03-10,Monday,2025-03-10 18:00:35,18,17,97.59,18,11,served,C2
855,2025-03-10,Monday,2025-03-10 18:29:23,18,5,73.34,34,29,served,C2
671,2025-03-10,Monday,2025-03-10 18:48:48,18,17,45.65,16,5,served,C2
801,2025-03-10,Monday,2025-03-10 19:02:48,19,7,15.94,14,4,served,C2
5,2025-03-10,Monday,2025-03-10 19:05:46,19,12,33.18,20,5,served,C2
885,2025-03-10,Monday,2025-03-10 19:25:54,19,13,46.44,11,7,served,C1
36,2025-03-10,Monday,2025-03-10 19:31:39,19,18,19.68,15,2,served,C1
279,2025-03-11,Tuesday,2025-03-11 09:25:45,9,18,2.16,9,0,served,C2
478,2025-03-11,Tuesday,2025-03-11 09:27:08,9,16,1.83,3,0,served,C2
900,2025-03-11,Tuesday,2025-03-11 09:33:31,9,6,26.86,17,8,cancelled,C1
966,2025-03-11,Tuesday,2025-03-11 10:09:50,10,9,8.34,13,1,served,C1
340,2025-03-11,Tuesday,2025-03-11 10:27:20,10,7,127.39,41,35,served,C2
284,2025-03-11,Tuesday,2025-03-11 10:28:24,10,13,27.19,44,4,served,C2
198,2025-03-11,Tuesday,2025-03-11 10:53:41,10,6,12.87,17,3,served,C2
389,2025-03-11,Tuesday,2025-03-11 11:22:03,11,10,5.71,6,1,served,C2
748,2025-03-11,Tuesday,2025-03-11 11:28:39,11,13,105.48,30,16,served,C2
530,2025-03-11,Tuesday,2025-03-11 11:42:31,11,16,200.33,33,25,served,C1
725,2025-03-11,Tuesday,2025-03-11 11:49:42,11,20,73.43,30,7,served,C2
129,2025-03-11,Tuesday,2025-03-11 12:15:47,12,10,22.23,19,4,served,C2
290,2025-03-11,Tuesday,2025-03-11 12:24:39,12,11,55.98,11,10,served,C2
916,2025-03-11,Tuesday,2025-03-11 12:56:26,12,19,38.11,13,4,served,C1
664,2025-03-11,Tuesday,2025-03-11 13:34:39,13,13,138.04,37,21,served,C2
967,2025-03-11,Tuesday,2025-03-11 14:00:53,14,19,0.29,6,0,served,C2
84,2025-03-11,Tuesday,2025-03-11 14:11:26,14,8,32.31,18,8,served,C2
910,2025-03-11,Tuesday,2025-03-11 14:14:11,14,9,2.43,3,0,served,C1
455,2025-03-11,Tuesday,2025-03-11 15:15:42,15,13,97.86,20,15,served,C1
380,2025-03-11,Tuesday,2025-03-11 15:37:02,15,20,41.01,5,4,served,C2
381,2025-03-11,Tuesday,2025-03-11 15:39:10,15,18,46.48,10,5,served,C2
968,2025-03-11,Tuesday,2025-03-11 15:49:27,15,18,82.74,19,9,served,C2
902,2025-03-11,Tuesday,2025-03-11 16:08:16,16,16,1.35,6,0,served,C1
355,2025-03-11,Tuesday,2025-03-11 16:57:52,16,8,127.36,36,31,served,C1
439,2025-03-11,Tuesday,2025-03-11 17:05:49,17,10,5.46,12,1,served,C2
665,2025-03-11,Tuesday,2025-03-11 17:16:59,17,5,13.21,6,4,served,C2
657,2025-03-11,Tuesday,2025-03-11 17:28:22,17,19,191.39,24,20,served,C2
734,2025-03-11,Tuesday,2025-03-11 17:30:04,17,11,128.92,40,23,served,C2
765,2025-03-11,Tuesday,2025-03-11 17:49:06,17,11,23.23,12,4,served,C1
298,2025-03-11,Tuesday,2025-03-11 18:14:53,18,20,71.78,18,7,served,C1
634,2025-03-11,Tuesday,2025-03-11 18:45:15,18,20,201.39,24,20,served,C2
38,2025-03-11,Tuesday,2025-03-11 19:07:30,19,20,83.33,18,8,served,C2
571,2025-03-11,Tuesday,2025-03-11 19:35:05,19,14,45.94,15,6,served,C1
647,2025-03-11,Tuesday,2025-03-11 19:45:10,19,14,16.73,12,2,served,C2
257,2025-03-12,Wednesday,2025-03-12 09:01:23,9,10,10.38,4,2,served,C1
83,2025-03-12,Wednesday,2025-03-12 09:14:19,9,16,51.34,12,6,served,C2
670,2025-03-12,Wednesday,2025-03-12 09:22:34,9,7,14.92,4,3,cancelled,C1
399,2025-03-12,Wednesday,2025-03-12 09:44:06,9,7,25.64,8,6,served,C2
595,2025-03-12,Wednesday,2025-03-12 09:54:00,9,13,32.55,9,5,served,C1
655,2025-03-12,Wednesday,2025-03-12 10:30:35,10,12,24.52,11,4,served,C2
225,2025-03-12,Wednesday,2025-03-12 10:58:00,10,5,45.69,44,17,served,C1
317,2025-03-12,Wednesday,2025-03-12 11:35:42,11,6,87.2,30,28,served,C2
621,2025-03-12,Wednesday,2025-03-12 11:35:44,11,8,5.69,17,1,served,C2
86,2025-03-12,Wednesday,2025-03-12 11:47:50,11,6,73.75,26,23,served,C2
918,2025-03-12,Wednesday,2025-03-12 11:55:26,11,13,69.95,39,10,served,C1
428,2025-03-12,Wednesday,2025-03-12 13:20:39,13,17,71.44,33,8,served,C1
513,2025-03-12,Wednesday,2025-03-12 13:30:56,13,15,153.62,39,20,served,C2
810,2025-03-12,Wednesday,2025-03-12 13:45:35,13,10,211.41,44,42,served,C1
886,2025-03-12,Wednesday,2025-03-12 14:24:54,14,19,10.06,10,1,served,C2
990,2025-03-12,Wednesday,2025-03-12 14:29:57,14,20,21.86,11,2,served,C1
119,2025-03-12,Wednesday,2025-03-12 14:30:59,14,10,34.5,16,6,served,C1
408,2025-03-12,Wednesday,2025-03-12 15:15:37,15,12,42.25,8,7,served,C2
93,2025-03-12,Wednesday,2025-03-12 15:24:47,15,6,40.51,13,12,served,C1
620,2025-03-12,Wednesday,2025-03-12 15:55:58,15,9,30.15,8,6,served,C1
196,2025-03-12,Wednesday,2025-03-12 17:00:51,17,15,45.81,20,6,served,C1
406,2025-03-12,Wednesday,2025-03-12 17:08:41,17,19,38.1,12,4,served,C1
868,2025-03-12,Wednesday,2025-03-12 17:16:29,17,8,72.55,36,17,served,C1
974,2025-03-12,Wednesday,2025-03-12 17:20:52,17,15,45.18,8,6,served,C2
961,2025-03-12,Wednesday,2025-03-12 17:36:05,17,14,183.63,40,26,served,C1
511,2025-03-12,Wednesday,2025-03-12 17:41:21,17,20,160.33,18,16,served,C1
320,2025-03-12,Wednesday,2025-03-12 17:44:40,17,16,67.26,28,8,served,C2
660,2025-03-12,Wednesday,2025-03-12 19:18:40,19,13,22.18,6,3,served,C1
357,2025-03-12,Wednesday,2025-03-12 19:19:41,19,5,6.17,3,1,served,C2
78,2025-03-13,Thursday,2025-03-13 09:45:54,9,9,28.51,17,6,served,C1
772,2025-03-13,Thursday,2025-03-13 09:47:38,9,16,88.71,15,11,served,C2
407,2025-03-13,Thursday,2025-03-13 10:07:37,10,19,14.13,13,1,served,C1
156,2025-03-13,Thursday,2025-03-13 10:40:46,10,18,48.88,11,5,served,C1
711,2025-03-13,Thursday,2025-03-13 11:15:16,11,14,43.18,15,6,served,C1
962,2025-03-13,Thursday,2025-03-13 11:24:33,11,15,18.63,22,2,served,C1
252,2025-03-13,Thursday,2025-03-13 11:24:36,11,5,28.27,30,11,served,C2
103,2025-03-13,Thursday,2025-03-13 11:29:24,11,18,4.33,19,0,served,C2
457,2025-03-13,Thursday,2025-03-13 11:37:41,11,5,58.14,39,22,served,C2
383,2025-03-13,Thursday,2025-03-13 12:03:53,12,11,163.4,37,29,served,C1
745,2025-03-13,Thursday,2025-03-13 12:04:46,12,8,55.39,17,13,served,C2
694,2025-03-13,Thursday,2025-03-13 12:10:11,12,19,4.39,15,0,served,C2
656,2025-03-13,Thursday,2025-03-13 13:23:12,13,17,187.45,33,22,served,C1
631,2025-03-13,Thursday,2025-03-13 14:31:02,14,13,21.97,9,3,served,C1
591,2025-03-13,Thursday,2025-03-13 14:40:00,14,12,42.25,19,7,served,C1
940,2025-03-13,Thursday,2025-03-13 15:03:30,15,20,94.99,10,9,served,C2
997,2025-03-13,Thursday,2025-03-13 15:17:13,15,9,7.57,4,1,served,C1
717,2025-03-13,Thursday,2025-03-13 15:26:14,15,12,46.46,16,7,served,C2
463,2025-03-13,Thursday,2025-03-13 15:39:42,15,18,21.58,6,2,served,C1
687,2025-03-13,Thursday,2025-03-13 15:45:29,15,10,31.28,8,6,served,C2
347,2025-03-13,Thursday,2025-03-13 15:45:33,15,11,58.01,12,10,served,C2
185,2025-03-13,Thursday,2025-03-13 16:31:26,16,12,10.3,8,1,served,C2
952,2025-03-13,Thursday,2025-03-13 16:49:45,16,10,11.38,10,2,served,C2
19,2025-03-13,Thursday,2025-03-13 17:06:00,17,10,171.04,40,34,served,C2
24,2025-03-13,Thursday,2025-03-13 17:22:55,17,19,135.1,18,14,served,C2
322,2025-03-13,Thursday,2025-03-13 17:30:09,17,9,44.53,16,9,served,C2
307,2025-03-13,Thursday,2025-03-13 18:26:14,18,15,33.08,28,4,served,C1
175,2025-03-13,Thursday,2025-03-13 18:52:21,18,10,58.92,32,11,served,C2
658,2025-03-13,Thursday,2025-03-13 18:57:32,18,6,49.1,24,15,served,C1
520,2025-03-13,Thursday,2025-03-13 19:19:26,19,5,4.49,16,0,served,C1
633,2025-03-13,Thursday,2025-03-13 19:32:45,19,9,22.76,8,5,served,C1
984,2025-03-13,Thursday,2025-03-13 19:41:42,19,16,33.93,17,4,served,C2
82,2025-03-14,Friday,2025-03-14 09:00:14,9,6,53.41,22,17,served,C1
844,2025-03-14,Friday,2025-03-14 09:00:14,9,15,9.43,5,1,served,C1
813,2025-03-14,Friday,2025-03-14 09:01:39,9,10,28.99,18,5,served,C1
840,2025-03-14,Friday,2025-03-14 09:03:44,9,15,84.26,19,11,served,C1
891,2025-03-14,Friday,2025-03-14 09:32:31,9,16,3.2,15,0,served,C1
517,2025-03-14,Friday,2025-03-14 09:33:20,9,19,69.71,22,7,served,C2
715,2025-03-14,Friday,2025-03-14 09:43:08,9,12,26.35,11,4,served,C1
314,2025-03-14,Friday,2025-03-14 09:46:01,9,15,41.68,9,5,served,C2
262,2025-03-14,Friday,2025-03-14 10:12:31,10,8,10.97,10,2,served,C1
686,2025-03-14,Friday,2025-03-14 10:25:25,10,12,165.86,35,27,served,C2
558,2025-03-14,Friday,2025-03-14 10:55:34,10,19,420.95,47,44,served,C2
879,2025-03-14,Friday,2025-03-14 11:54:33,11,12,48.76,42,8,served,C1
547,2025-03-14,Friday,2025-03-14 12:56:59,12,6,99.95,45,33,served,C2
359,2025-03-14,Friday,2025-03-14 13:09:45,13,15,236.21,32,31,served,C1
790,2025-03-14,Friday,2025-03-14 13:45:35,13,8,12.21,12,3,served,C2
168,2025-03-14,Friday,2025-03-14 13:58:33,13,9,41.65,22,9,served,C1
954,2025-03-14,Friday,2025-03-14 14:10:51,14,15,31.82,5,4,served,C1
350,2025-03-14,Friday,2025-03-14 14:13:45,14,19,97.75,14,10,served,C1
394,2025-03-14,Friday,2025-03-14 14:31:58,14,9,59.7,15,13,served,C2
271,2025-03-14,Friday,2025-03-14 14:43:29,14,15,76.53,11,10,served,C2
958,2025-03-14,Friday,2025-03-14 14:46:13,14,15,16.05,5,2,served,C2
276,2025-03-14,Friday,2025-03-14 14:54:25,14,17,88.06,22,10,served,C2
409,2025-03-14,Friday,2025-03-14 15:06:19,15,5,33.8,14,12,served,C1
56,2025-03-14,Friday,2025-03-14 15:08:17,15,7,39.53,24,11,served,C2
915,2025-03-14,Friday,2025-03-14 15:25:32,15,20,43.74,7,4,served,C1
565,2025-03-14,Friday,2025-03-14 15:27:37,15,11,6.85,7,1,served,C1
663,2025-03-14,Friday,2025-03-14 15:33:07,15,9,4.44,9,0,served,C2
300,2025-03-14,Friday,2025-03-14 15:42:17,15,12,13.14,5,2,served,C1
309,2025-03-14,Friday,2025-03-14 16:22:34,16,13,119.39,25,18,served,C1
334,2025-03-14,Friday,2025-03-14 16:36:49,16,17,145.27,39,17,served,C2
859,2025-03-14,Friday,2025-03-14 16:55:27,16,19,39.08,39,4,served,C1
911,2025-03-14,Friday,2025-03-14 16:58:03,16,11,0.04,6,0,served,C2
532,2025-03-14,Friday,2025-03-14 17:25:18,17,18,117.25,16,13,served,C1
155,2025-03-14,Friday,2025-03-14 18:24:53,18,9,15.69,11,3,served,C2
835,2025-03-14,Friday,2025-03-14 18:41:24,18,7,15.1,11,4,served,C2
430,2025-03-14,Friday,2025-03-14 18:42:23,18,5,14.49,6,4,cancelled,C1
302,2025-03-14,Friday,2025-03-14 18:44:08,18,9,81.26,20,18,served,C1
76,2025-03-14,Friday,2025-03-14 19:29:02,19,6,6.0,3,1,served,C1
681,2025-03-14,Friday,2025-03-14 19:32:55,19,6,44.39,23,14,served,C1
202,2025-03-15,Saturday,2025-03-15 09:05:29,9,15,1.54,7,0,served,C2
807,2025-03-15,Saturday,2025-03-15 09:28:18,9,16,56.3,13,7,served,C1
244,2025-03-15,Saturday,2025-03-15 10:06:18,10,14,44.76,32,6,served,C2
401,2025-03-15,Saturday,2025-03-15 10:14:20,10,12,122.75,30,20,served,C1
368,2025-03-15,Saturday,2025-03-15 11:27:51,11,16,130.25,24,16,cancelled,C1
537,2025-03-15,Saturday,2025-03-15 11:31:14,11,6,7.88,5,1,served,C1
553,2025-03-15,Saturday,2025-03-15 11:57:20,11,6,74.93,26,24,served,C2
212,2025-03-15,Saturday,2025-03-15 12:00:52,12,19,107.07,13,11,served,C2
673,2025-03-15,Saturday,2025-03-15 12:45:13,12,14,18.42,34,2,served,C1
65,2025-03-15,Saturday,2025-03-15 12:48:32,12,7,55.09,34,15,served,C2
442,2025-03-15,Saturday,2025-03-15 12:54:32,12,6,4.52,11,0,served,C1
985,2025-03-15,Saturday,2025-03-15 13:20:51,13,7,12.79,22,3,served,C2
901,2025-03-15,Saturday,2025-03-15 13:28:38,13,13,0.29,5,0,served,C1
47,2025-03-15,Saturday,2025-03-15 14:18:04,14,5,11.86,13,3,served,C2
274,2025-03-15,Saturday,2025-03-15 14:54:46,14,11,34.14,7,6,served,C2
851,2025-03-15,Saturday,2025-03-15 15:14:41,15,15,3.56,2,0,served,C1
94,2025-03-15,Saturday,2025-03-15 15:29:58,15,18,0.6,4,0,served,C1
356,2025-03-15,Saturday,2025-03-15 15:34:31,15,18,4.19,12,0,served,C1
48,2025-03-15,Saturday,2025-03-15 15:47:18,15,8,0.93,14,0,served,C2
467,2025-03-15,Saturday,2025-03-15 15:50:13,15,11,35.82,14,6,cancelled,C2
643,2025-03-15,Saturday,2025-03-15 15:52:04,15,12,21.14,14,3,served,C1
709,2025-03-15,Saturday,2025-03-15 16:02:17,16,6,52.47,22,16,served,C1
804,2025-03-15,Saturday,2025-03-15 16:16:03,16,5,13.62,5,4,served,C2
479,2025-03-15,Saturday,2025-03-15 16:33:16,16,20,221.34,28,22,cancelled,C1
482,2025-03-15,Saturday,2025-03-15 16:41:20,16,9,4.12,11,0,served,C2
206,2025-03-15,Saturday,2025-03-15 17:07:48,17,9,38.23,17,8,served,C2
141,2025-03-15,Saturday,2025-03-15 17:13:33,17,9,22.05,23,4,served,C2
386,2025-03-15,Saturday,2025-03-15 17:19:19,17,9,31.91,17,7,served,C2
219,2025-03-15,Saturday,2025-03-15 18:02:19,18,13,89.01,27,13,served,C1
672,2025-03-15,Saturday,2025-03-15 18:09:03,18,15,26.79,8,3,served,C1
795,2025-03-15,Saturday,2025-03-15 18:54:00,18,12,62.85,22,10,served,C2
342,2025-03-15,Saturday,2025-03-15 19:00:11,19,7,4.26,5,1,served,C2
282,2025-03-15,Saturday,2025-03-15 19:22:03,19,16,4.37,4,0,served,C1
305,2025-03-15,Saturday,2025-03-15 19:23:04,19,13,10.35,3,1,served,C1
870,2025-03-16,Sunday,2025-03-16 09:15:46,9,20,33.62,13,3,served,C1
125,2025-03-16,Sunday,2025-03-16 09:17:16,9,8,24.24,11,6,served,C2
176,2025-03-16,Sunday,2025-03-16 09:17:34,9,5,16.1,11,5,served,C1
468,2025-03-16,Sunday,2025-03-16 09:34:41,9,7,31.7,10,8,served,C1
823,2025-03-16,Sunday,2025-03-16 09:47:50,9,16,11.07,9,1,served,C1
690,2025-03-16,Sunday,2025-03-16 09:57:05,9,9,25.3,14,5,served,C1
667,2025-03-16,Sunday,2025-03-16 10:09:24,10,16,169.68,30,21,served,C1
291,2025-03-16,Sunday,2025-03-16 10:48:07,10,15,102.01,34,13,served,C1
37,2025-03-16,Sunday,2025-03-16 11:11:15,11,17,9.77,15,1,served,C1
889,2025-03-16,Sunday,2025-03-16 11:49:28,11,17,29.09,26,3,served,C1
637,2025-03-16,Sunday,2025-03-16 11:51:54,11,20,161.09,28,16,served,C1
920,2025-03-16,Sunday,2025-03-16 11:55:27,11,13,2.58,30,0,served,C1
538,2025-03-16,Sunday,2025-03-16 12:13:09,12,8,26.37,22,6,served,C2
471,2025-03-16,Sunday,2025-03-16 12:23:44,12,11,0.03,36,0,served,C2
4,2025-03-16,Sunday,2025-03-16 12:23:47,12,14,70.54,11,10,served,C2
922,2025-03-16,Sunday,2025-03-16 12:38:35,12,14,165.75,24,23,served,C2
181,2025-03-16,Sunday,2025-03-16 13:43:33,13,5,17.98,9,6,served,C2
689,2025-03-16,Sunday,2025-03-16 14:05:47,14,16,51.1,11,6,served,C1
723,2025-03-16,Sunday,2025-03-16 14:22:19,14,19,10.36,10,1,served,C1
363,2025-03-16,Sunday,2025-03-16 14:36:24,14,17,61.24,9,7,served,C2
358,2025-03-16,Sunday,2025-03-16 14:53:51,14,15,17.48,11,2,served,C1
220,2025-03-16,Sunday,2025-03-16 15:47:29,15,6,4.5,4,1,served,C2
346,2025-03-16,Sunday,2025-03-16 16:13:22,16,10,72.31,32,14,served,C1
253,2025-03-16,Sunday,2025-03-16 17:07:00,17,7,11.97,6,2,served,C1
203,2025-03-16,Sunday,2025-03-16 17:18:16,17,11,90.13,20,16,served,C1
469,2025-03-16,Sunday,2025-03-16 17:31:20,17,17,10.15,27,1,served,C1
601,2025-03-16,Sunday,2025-03-16 17:38:16,17,20,3.08,10,0,served,C1
526,2025-03-16,Sunday,2025-03-16 17:51:18,17,11,23.61,8,4,served,C1
755,2025-03-16,Sunday,2025-03-16 18:42:05,18,17,30.15,8,3,served,C1
522,2025-03-16,Sunday,2025-03-16 19:21:18,19,14,43.34,14,6,served,C2
794,2025-03-17,Monday,2025-03-17 09:13:37,9,12,3.16,13,0,served,C2
514,2025-03-17,Monday,2025-03-17 09:14:31,9,19,114.77,20,12,served,C2
131,2025-03-17,Monday,2025-03-17 09:21:55,9,12,15.49,6,2,served,C1
584,2025-03-17,Monday,2025-03-17 09:27:10,9,19,97.33,16,10,served,C2
310,2025-03-17,Monday,2025-03-17 09:29:48,9,20,14.11,15,1,served,C2
329,2025-03-17,Monday,2025-03-17 09:37:38,9,19,51.49,14,5,cancelled,C2
199,2025-03-17,Monday,2025-03-17 09:46:21,9,20,160.93,18,16,served,C2
743,2025-03-17,Monday,2025-03-17 09:47:20,9,15,62.52,9,8,served,C1
326,2025-03-17,Monday,2025-03-17 09:58:19,9,14,46.29,10,6,served,C2
933,2025-03-17,Monday,2025-03-17 10:09:00,10,18,308.62,45,34,served,C2
464,2025-03-17,Monday,2025-03-17 10:55:37,10,8,91.02,42,22,served,C1
640,2025-03-17,Monday,2025-03-17 11:02:59,11,14,137.79,27,19,served,C2
29,2025-03-17,Monday,2025-03-17 11:04:10,11,6,42.89,20,14,served,C1
884,2025-03-17,Monday,2025-03-17 11:51:23,11,6,43.19,32,13,served,C2
564,2025-03-17,Monday,2025-03-17 12:02:14,12,14,91.42,27,13,served,C1
590,2025-03-17,Monday,2025-03-17 12:09:47,12,12,27.33,20,4,served,C2
585,2025-03-17,Monday,2025-03-17 12:10:12,12,17,223.44,37,26,served,C1
649,2025-03-17,Monday,2025-03-17 12:19:14,12,7,14.49,7,3,served,C1
283,2025-03-17,Monday,2025-03-17 12:56:43,12,17,241.94,45,28,served,C1
179,2025-03-17,Monday,2025-03-17 13:23:43,13,12,54.28,10,9,served,C1
425,2025-03-17,Monday,2025-03-17 13:43:27,13,12,80.29,47,13,served,C2
240,2025-03-17,Monday,2025-03-17 14:01:24,14,7,6.56,3,1,served,C1
568,2025-03-17,Monday,2025-03-17 14:05:03,14,7,29.15,13,8,served,C1
338,2025-03-17,Monday,2025-03-17 14:32:23,14,20,31.4,7,3,served,C2
17,2025-03-17,Monday,2025-03-17 14:48:25,14,6,13.52,11,3,served,C1
118,2025-03-17,Monday,2025-03-17 14:58:37,14,7,25.35,20,6,served,C2
34,2025-03-17,Monday,2025-03-17 15:08:47,15,16,17.54,13,2,served,C2
943,2025-03-17,Monday,2025-03-17 15:26:30,15,7,3.14,18,0,served,C1
578,2025-03-17,Monday,2025-03-17 17:27:09,17,14,91.5,16,13,served,C1
878,2025-03-17,Monday,2025-03-17 17:39:22,17,8,80.81,36,20,served,C1
707,2025-03-17,Monday,2025-03-17 18:10:19,18,10,94.42,36,18,served,C1
998,2025-03-17,Monday,2025-03-17 19:04:44,19,17,19.83,7,2,served,C2
446,2025-03-17,Monday,2025-03-17 19:09:49,19,13,10.26,5,1,served,C1
950,2025-03-18,Tuesday,2025-03-18 09:09:10,9,16,44.3,9,5,served,C2
97,2025-03-18,Tuesday,2025-03-18 09:36:58,9,15,34.98,8,4,served,C1
260,2025-03-18,Tuesday,2025-03-18 09:38:06,9,6,7.06,16,1,served,C1
937,2025-03-18,Tuesday,2025-03-18 09:40:16,9,15,77.19,12,10,served,C2
116,2025-03-18,Tuesday,2025-03-18 09:44:32,9,14,17.9,12,2,served,C2
731,2025-03-18,Tuesday,2025-03-18 10:10:42,10,10,19.0,8,3,served,C1
677,2025-03-18,Tuesday,2025-03-18 10:12:50,10,6,96.46,33,31,served,C2
205,2025-03-18,Tuesday,2025-03-18 10:25:50,10,15,62.7,35,8,served,C2
15,2025-03-18,Tuesday,2025-03-18 10:31:39,10,7,35.3,17,9,served,C2
288,2025-03-18,Tuesday,2025-03-18 10:44:09,10,5,19.22,11,6,served,C2
238,2025-03-18,Tuesday,2025-03-18 10:44:53,10,14,65.46,26,9,served,C2
485,2025-03-18,Tuesday,2025-03-18 11:08:01,11,11,21.01,17,3,served,C2
700,2025-03-18,Tuesday,2025-03-18 11:18:18,11,9,67.3,26,14,served,C2
742,2025-03-18,Tuesday,2025-03-18 11:52:34,11,10,48.11,33,9,served,C2
706,2025-03-18,Tuesday,2025-03-18 12:16:31,12,9,6.32,30,1,served,C1
612,2025-03-18,Tuesday,2025-03-18 12:22:16,12,12,19.72,19,3,served,C2
154,2025-03-18,Tuesday,2025-03-18 13:17:24,13,16,140.49,44,17,served,C1
636,2025-03-18,Tuesday,2025-03-18 13:55:52,13,15,138.46,19,18,served,C1
223,2025-03-18,Tuesday,2025-03-18 14:02:19,14,16,98.85,20,12,served,C2
890,2025-03-18,Tuesday,2025-03-18 14:06:24,14,7,24.9,9,7,served,C2
497,2025-03-18,Tuesday,2025-03-18 14:13:59,14,12,31.62,15,5,served,C2
11,2025-03-18,Tuesday,2025-03-18 14:30:13,14,18,101.95,15,11,served,C2
814,2025-03-18,Tuesday,2025-03-18 15:05:44,15,10,9.7,6,1,cancelled,C1
736,2025-03-18,Tuesday,2025-03-18 15:14:02,15,6,13.21,9,4,served,C1
829,2025-03-18,Tuesday,2025-03-18 15:41:10,15,16,104.92,17,13,served,C1
661,2025-03-18,Tuesday,2025-03-18 15:58:45,15,11,32.4,7,5,served,C1
241,2025-03-18,Tuesday,2025-03-18 16:24:11,16,18,99.5,18,11,served,C1
599,2025-03-18,Tuesday,2025-03-18 17:05:58,17,17,34.5,20,4,served,C1
128,2025-03-18,Tuesday,2025-03-18 18:28:24,18,8,76.29,24,19,served,C1
306,2025-03-18,Tuesday,2025-03-18 18:31:23,18,6,6.32,12,1,served,C2
881,2025-03-18,Tuesday,2025-03-18 18:34:35,18,5,39.13,32,15,served,C2
797,2025-03-18,Tuesday,2025-03-18 18:59:52,18,9,37.0,30,8,served,C2
30,2025-03-18,Tuesday,2025-03-18 19:03:28,19,6,10.89,3,2,served,C2
516,2025-03-18,Tuesday,2025-03-18 19:10:05,19,16,34.93,19,4,served,C2
668,2025-03-18,Tuesday,2025-03-18 19:18:47,19,13,7.8,14,1,served,C1
385,2025-03-18,Tuesday,2025-03-18 19:24:50,19,20,20.77,6,2,served,C2
583,2025-03-19,Wednesday,2025-03-19 09:23:30,9,16,1.31,5,0,served,C1
913,2025-03-19,Wednesday,2025-03-19 09:26:22,9,8,8.23,18,2,served,C1
758,2025-03-19,Wednesday,2025-03-19 09:58:46,9,12,19.75,4,3,served,C2
85,2025-03-19,Wednesday,2025-03-19 10:18:17,10,15,229.7,33,30,served,C1
501,2025-03-19,Wednesday,2025-03-19 10:18:34,10,11,51.81,44,9,served,C2
411,2025-03-19,Wednesday,2025-03-19 10:29:15,10,20,124.92,35,12,served,C1
909,2025-03-19,Wednesday,2025-03-19 10:56:34,10,10,4.65,24,0,served,C1
903,2025-03-19,Wednesday,2025-03-19 11:11:01,11,7,52.56,37,14,served,C1
396,2025-03-19,Wednesday,2025-03-19 11:11:46,11,11,62.72,19,11,served,C2
139,2025-03-19,Wednesday,2025-03-19 11:44:47,11,6,69.84,26,23,served,C1
331,2025-03-19,Wednesday,2025-03-19 11:56:42,11,6,40.32,33,12,served,C1
110,2025-03-19,Wednesday,2025-03-19 12:23:11,12,10,57.35,22,11,served,C1
269,2025-03-19,Wednesday,2025-03-19 12:24:16,12,16,288.91,44,36,served,C2
798,2025-03-19,Wednesday,2025-03-19 12:33:52,12,8,66.27,19,16,served,C2
303,2025-03-19,Wednesday,2025-03-19 12:36:35,12,5,48.71,19,18,served,C2
947,2025-03-19,Wednesday,2025-03-19 12:51:23,12,19,220.65,39,23,served,C2
853,2025-03-19,Wednesday,2025-03-19 13:21:01,13,16,26.17,8,3,served,C1
21,2025-03-19,Wednesday,2025-03-19 13:35:37,13,16,80.01,19,10,served,C1
604,2025-03-19,Wednesday,2025-03-19 13:40:11,13,8,98.45,37,24,served,C1
67,2025-03-19,Wednesday,2025-03-19 14:08:47,14,20,133.7,15,13,served,C1
888,2025-03-19,Wednesday,2025-03-19 14:22:40,14,17,19.64,15,2,served,C1
873,2025-03-19,Wednesday,2025-03-19 14:31:37,14,6,6.22,12,2,served,C1
470,2025-03-19,Wednesday,2025-03-19 14:55:41,14,10,8.01,3,1,served,C1
837,2025-03-19,Wednesday,2025-03-19 14:58:21,14,15,82.99,17,11,served,C1
887,2025-03-19,Wednesday,2025-03-19 16:03:44,16,18,0.59,34,0,cancelled,C2
287,2025-03-19,Wednesday,2025-03-19 16:14:49,16,10,43.74,12,8,served,C2
367,2025-03-19,Wednesday,2025-03-19 16:46:11,16,5,18.45,10,7,served,C1
993,2025-03-19,Wednesday,2025-03-19 17:09:08,17,10,39.65,38,7,served,C1
159,2025-03-19,Wednesday,2025-03-19 17:24:09,17,20,83.46,14,8,served,C1
169,2025-03-19,Wednesday,2025-03-19 17:45:13,17,20,10.49,32,1,served,C2
932,2025-03-19,Wednesday,2025-03-19 18:26:56,18,6,23.2,40,7,served,C2
54,2025-03-19,Wednesday,2025-03-19 18:37:06,18,16,104.92,28,13,served,C2
230,2025-03-19,Wednesday,2025-03-19 18:44:52,18,12,99.2,38,16,served,C2
142,2025-03-19,Wednesday,2025-03-19 18:52:33,18,9,90.1,22,20,served,C1
362,2025-03-19,Wednesday,2025-03-19 19:36:44,19,15,1.85,4,0,served,C2
294,2025-03-19,Wednesday,2025-03-19 19:41:29,19,19,49.92,6,5,cancelled,C2
750,2025-03-20,Thursday,2025-03-20 09:25:16,9,13,60.05,10,9,served,C1
450,2025-03-20,Thursday,2025-03-20 09:26:48,9,8,60.94,18,14,served,C2
771,2025-03-20,Thursday,2025-03-20 10:22:05,10,7,14.9,6,4,served,C2
674,2025-03-20,Thursday,2025-03-20 10:34:15,10,17,17.17,8,2,served,C1
642,2025-03-20,Thursday,2025-03-20 10:57:08,10,19,118.73,26,12,served,C2
747,2025-03-20,Thursday,2025-03-20 12:01:23,12,10,52.46,30,10,served,C1
327,2025-03-20,Thursday,2025-03-20 12:16:37,12,16,289.16,41,36,served,C2
49,2025-03-20,Thursday,2025-03-20 12:47:31,12,19,133.65,17,14,served,C2
692,2025-03-20,Thursday,2025-03-20 12:58:31,12,9,126.43,30,27,cancelled,C2
53,2025-03-20,Thursday,2025-03-20 13:13:00,13,14,46.47,37,6,served,C1
893,2025-03-20,Thursday,2025-03-20 14:04:01,14,5,8.88,18,2,served,C1
714,2025-03-20,Thursday,2025-03-20 14:59:08,14,5,24.24,17,8,served,C2
403,2025-03-20,Thursday,2025-03-20 15:04:00,15,12,18.55,13,3,served,C1
210,2025-03-20,Thursday,2025-03-20 15:29:30,15,16,75.7,11,9,served,C2
845,2025-03-20,Thursday,2025-03-20 15:55:32,15,10,7.25,5,1,served,C2
702,2025-03-20,Thursday,2025-03-20 16:15:04,16,11,59.78,40,10,served,C1
908,2025-03-20,Thursday,2025-03-20 16:16:44,16,13,48.82,10,7,served,C1
696,2025-03-20,Thursday,2025-03-20 16:37:53,16,15,76.09,16,10,served,C1
994,2025-03-20,Thursday,2025-03-20 17:12:14,17,6,95.56,40,31,served,C2
895,2025-03-20,Thursday,2025-03-20 17:41:00,17,5,14.12,40,4,served,C1
215,2025-03-20,Thursday,2025-03-20 18:30:11,18,5,9.7,38,2,served,C1
91,2025-03-20,Thursday,2025-03-20 18:33:48,18,18,84.1,24,9,cancelled,C1
569,2025-03-20,Thursday,2025-03-20 19:22:55,19,8,8.4,18,1,served,C2
33,2025-03-20,Thursday,2025-03-20 19:56:18,19,9,25.51,19,5,served,C2
172,2025-03-20,Thursday,2025-03-20 19:57:28,19,14,93.64,19,13,served,C1
799,2025-03-21,Friday,2025-03-21 09:00:38,9,17,180.07,22,21,served,C1
293,2025-03-21,Friday,2025-03-21 09:05:37,9,11,63.32,20,11,served,C1
982,2025-03-21,Friday,2025-03-21 09:06:09,9,17,114.43,14,13,served,C2
227,2025-03-21,Friday,2025-03-21 09:42:14,9,18,12.46,14,1,served,C1
975,2025-03-21,Friday,2025-03-21 09:52:20,9,5,11.8,14,3,served,C1
391,2025-03-21,Friday,2025-03-21 10:16:08,10,20,383.79,45,38,served,C2
321,2025-03-21,Friday,2025-03-21 10:28:09,10,11,93.58,30,17,served,C1
454,2025-03-21,Friday,2025-03-21 10:43:45,10,14,140.37,47,20,served,C2
965,2025-03-21,Friday,2025-03-21 10:44:52,10,13,59.09,17,9,served,C2
319,2025-03-21,Friday,2025-03-21 11:15:22,11,9,23.94,40,5,cancelled,C2
552,2025-03-21,Friday,2025-03-21 11:42:19,11,14,50.77,45,7,served,C2
111,2025-03-21,Friday,2025-03-21 13:04:17,13,13,48.87,27,7,served,C1
472,2025-03-21,Friday,2025-03-21 13:07:30,13,16,99.64,27,12,served,C1
712,2025-03-21,Friday,2025-03-21 13:11:28,13,15,30.34,7,4,served,C2
208,2025-03-21,Friday,2025-03-21 13:35:50,13,15,23.29,15,3,served,C2
866,2025-03-21,Friday,2025-03-21 13:42:01,13,8,51.87,32,12,served,C2
106,2025-03-21,Friday,2025-03-21 14:23:45,14,20,50.2,20,5,cancelled,C1
602,2025-03-21,Friday,2025-03-21 14:25:14,14,20,91.71,10,9,served,C2
476,2025-03-21,Friday,2025-03-21 14:33:12,14,16,180.14,23,22,served,C2
525,2025-03-21,Friday,2025-03-21 14:46:17,14,5,6.82,22,2,served,C1
162,2025-03-21,Friday,2025-03-21 14:56:01,14,9,28.85,11,6,served,C2
780,2025-03-21,Friday,2025-03-21 15:05:04,15,13,93.36,22,14,served,C2
58,2025-03-21,Friday,2025-03-21 15:23:18,15,15,71.51,18,9,served,C2
89,2025-03-21,Friday,2025-03-21 15:53:51,15,7,39.92,14,10,served,C2
413,2025-03-21,Friday,2025-03-21 15:59:56,15,14,106.11,24,15,served,C2
242,2025-03-21,Friday,2025-03-21 16:18:57,16,5,32.49,36,11,served,C1
420,2025-03-21,Friday,2025-03-21 17:24:42,17,19,4.98,9,0,served,C1
20,2025-03-21,Friday,2025-03-21 17:59:39,17,8,2.49,11,0,served,C2
60,2025-03-21,Friday,2025-03-21 19:04:57,19,19,41.55,20,4,served,C2
935,2025-03-21,Friday,2025-03-21 19:05:03,19,5,5.08,3,2,served,C1
209,2025-03-21,Friday,2025-03-21 19:07:17,19,19,98.24,18,10,served,C1
312,2025-03-21,Friday,2025-03-21 19:22:48,19,12,31.74,7,5,served,C2
108,2025-03-21,Friday,2025-03-21 19:32:10,19,14,23.32,13,3,served,C2
541,2025-03-21,Friday,2025-03-21 19:44:27,19,9,45.38,16,10,served,C1
959,2025-03-21,Friday,2025-03-21 19:49:36,19,20,1.37,3,0,served,C2
130,2025-03-22,Saturday,2025-03-22 09:21:25,9,8,32.83,9,8,served,C2
846,2025-03-22,Saturday,2025-03-22 09:46:12,9,5,8.39,9,3,served,C1
23,2025-03-22,Saturday,2025-03-22 10:24:14,10,7,31.96,22,9,served,C2
448,2025-03-22,Saturday,2025-03-22 10:27:57,10,15,62.91,9,8,served,C2
746,2025-03-22,Saturday,2025-03-22 10:53:57,10,6,48.45,24,15,served,C2
623,2025-03-22,Saturday,2025-03-22 11:00:58,11,9,37.37,11,8,served,C1
616,2025-03-22,Saturday,2025-03-22 11:14:33,11,9,44.19,11,9,served,C2
107,2025-03-22,Saturday,2025-03-22 11:37:32,11,7,50.67,22,14,served,C1
452,2025-03-22,Saturday,2025-03-22 12:37:00,12,18,84.53,13,9,served,C1
841,2025-03-22,Saturday,2025-03-22 12:37:41,12,9,18.34,17,3,served,C2
596,2025-03-22,Saturday,2025-03-22 12:41:05,12,14,23.05,7,3,served,C1
644,2025-03-22,Saturday,2025-03-22 12:42:30,12,20,174.58,24,17,served,C2
624,2025-03-22,Saturday,2025-03-22 12:43:57,12,5,20.2,20,8,served,C2
979,2025-03-22,Saturday,2025-03-22 12:53:55,12,13,3.67,38,0,served,C2
573,2025-03-22,Saturday,2025-03-22 13:57:28,13,11,17.23,38,3,served,C2
948,2025-03-22,Saturday,2025-03-22 14:11:58,14,11,6.72,8,1,served,C2
44,2025-03-22,Saturday,2025-03-22 14:17:25,14,18,12.67,9,1,served,C1
136,2025-03-22,Saturday,2025-03-22 14:27:21,14,13,10.63,3,1,served,C1
777,2025-03-22,Saturday,2025-03-22 14:31:07,14,11,22.95,6,4,served,C1
563,2025-03-22,Saturday,2025-03-22 14:37:58,14,9,14.75,11,3,served,C1
860,2025-03-22,Saturday,2025-03-22 15:19:56,15,15,1.16,2,0,cancelled,C2
366,2025-03-22,Saturday,2025-03-22 16:12:45,16,9,65.95,30,14,served,C1
939,2025-03-22,Saturday,2025-03-22 17:04:37,17,20,133.36,20,13,served,C2
195,2025-03-22,Saturday,2025-03-22 17:21:39,17,13,175.86,32,27,cancelled,C2
934,2025-03-22,Saturday,2025-03-22 17:30:50,17,7,14.36,5,4,served,C2
899,2025-03-22,Saturday,2025-03-22 17:51:17,17,9,21.28,5,4,cancelled,C2
474,2025-03-22,Saturday,2025-03-22 17:57:54,17,7,57.37,27,16,served,C1
486,2025-03-22,Saturday,2025-03-22 18:52:13,18,7,32.09,10,8,served,C1
704,2025-03-22,Saturday,2025-03-22 19:01:12,19,12,70.59,12,11,served,C1
701,2025-03-22,Saturday,2025-03-22 19:25:00,19,9,4.46,11,0,served,C1
68,2025-03-22,Saturday,2025-03-22 19:33:53,19,12,10.64,4,1,served,C2
594,2025-03-22,Saturday,2025-03-22 19:58:21,19,20,83.32,11,8,served,C2
186,2025-03-22,Saturday,2025-03-22 19:58:25,19,17,2.7,5,0,served,C1
598,2025-03-23,Sunday,2025-03-23 09:16:43,9,17,12.98,3,1,served,C1
626,2025-03-23,Sunday,2025-03-23 10:07:32,10,9,15.55,5,3,served,C2
796,2025-03-23,Sunday,2025-03-23 10:18:23,10,12,2.23,32,0,served,C1
815,2025-03-23,Sunday,2025-03-23 10:19:29,10,17,19.09,24,2,served,C1
370,2025-03-23,Sunday,2025-03-23 10:26:51,10,13,23.47,30,3,served,C1
434,2025-03-23,Sunday,2025-03-23 10:43:08,10,14,2.04,11,0,served,C1
688,2025-03-23,Sunday,2025-03-23 10:47:29,10,19,248.69,34,26,served,C1
500,2025-03-23,Sunday,2025-03-23 10:54:01,10,12,62.52,11,10,served,C2
438,2025-03-23,Sunday,2025-03-23 11:00:40,11,19,30.82,7,3,served,C1
572,2025-03-23,Sunday,2025-03-23 11:16:18,11,18,180.95,28,20,served,C2
328,2025-03-23,Sunday,2025-03-23 11:37:04,11,16,60.94,9,7,served,C2
221,2025-03-23,Sunday,2025-03-23 11:47:20,11,16,0.21,15,0,served,C2
819,2025-03-23,Sunday,2025-03-23 12:10:47,12,15,127.56,24,17,served,C2
971,2025-03-23,Sunday,2025-03-23 12:13:13,12,18,102.75,26,11,served,C2
847,2025-03-23,Sunday,2025-03-23 12:45:19,12,18,9.95,5,1,cancelled,C1
466,2025-03-23,Sunday,2025-03-23 13:17:15,13,10,12.19,17,2,served,C1
218,2025-03-23,Sunday,2025-03-23 13:43:15,13,11,1.81,7,0,served,C1
211,2025-03-23,Sunday,2025-03-23 14:00:09,14,11,24.49,5,4,served,C2
978,2025-03-23,Sunday,2025-03-23 14:25:50,14,16,17.94,8,2,served,C1
919,2025-03-23,Sunday,2025-03-23 15:06:18,15,13,48.76,9,7,served,C1
808,2025-03-23,Sunday,2025-03-23 15:24:23,15,16,9.56,7,1,served,C2
207,2025-03-23,Sunday,2025-03-23 15:32:50,15,18,11.88,2,1,served,C2
762,2025-03-23,Sunday,2025-03-23 15:44:01,15,6,33.25,12,11,served,C2
652,2025-03-23,Sunday,2025-03-23 16:54:25,16,17,3.24,6,0,cancelled,C1
267,2025-03-23,Sunday,2025-03-23 17:06:13,17,7,34.78,10,9,served,C1
575,2025-03-23,Sunday,2025-03-23 17:37:22,17,12,150.22,32,25,served,C2
170,2025-03-23,Sunday,2025-03-23 17:39:33,17,19,259.79,30,27,served,C2
504,2025-03-23,Sunday,2025-03-23 17:52:24,17,18,198.84,30,22,served,C1
684,2025-03-23,Sunday,2025-03-23 17:57:20,17,18,29.56,6,3,served,C2
259,2025-03-23,Sunday,2025-03-23 17:57:49,17,9,46.61,11,10,served,C1
613,2025-03-23,Sunday,2025-03-23 18:14:29,18,14,63.1,32,9,served,C1
459,2025-03-23,Sunday,2025-03-23 18:32:04,18,13,2.46,22,0,served,C1
539,2025-03-23,Sunday,2025-03-23 18:37:26,18,18,118.81,25,13,served,C1
776,2025-03-23,Sunday,2025-03-23 18:46:27,18,18,20.82,8,2,served,C2
533,2025-03-23,Sunday,2025-03-23 19:10:30,19,14,15.93,9,2,served,C1
904,2025-03-23,Sunday,2025-03-23 19:29:42,19,14,23.96,8,3,served,C1
374,2025-03-23,Sunday,2025-03-23 19:43:27,19,19,0.78,4,0,served,C2
197,2025-03-23,Sunday,2025-03-23 19:54:05,19,6,4.4,2,0,served,C2
201,2025-03-23,Sunday,2025-03-23 19:58:35,19,8,6.48,2,1,served,C1
64,2025-03-24,Monday,2025-03-24 09:08:42,9,19,68.19,11,7,served,C1
171,2025-03-24,Monday,2025-03-24 09:31:05,9,7,46.96,22,13,served,C1
509,2025-03-24,Monday,2025-03-24 09:36:44,9,19,30.56,24,3,served,C2
250,2025-03-24,Monday,2025-03-24 09:55:58,9,13,21.08,5,3,served,C1
237,2025-03-24,Monday,2025-03-24 10:24:35,10,16,2.8,30,0,served,C1
675,2025-03-24,Monday,2025-03-24 10:34:27,10,7,98.01,45,28,served,C1
874,2025-03-24,Monday,2025-03-24 10:38:04,10,5,20.96,25,8,served,C1
737,2025-03-24,Monday,2025-03-24 11:23:30,11,18,81.14,30,9,served,C2
9,2025-03-24,Monday,2025-03-24 11:41:23,11,17,145.91,30,17,served,C2
55,2025-03-24,Monday,2025-03-24 12:35:54,12,11,26.62,12,4,served,C2
404,2025-03-24,Monday,2025-03-24 12:41:12,12,15,26.57,7,3,served,C1
630,2025-03-24,Monday,2025-03-24 12:57:33,12,10,38.82,45,7,served,C2
788,2025-03-24,Monday,2025-03-24 13:39:56,13,5,3.1,25,0,served,C2
272,2025-03-24,Monday,2025-03-24 13:41:26,13,20,91.44,27,9,served,C2
231,2025-03-24,Monday,2025-03-24 14:18:51,14,19,23.76,3,2,served,C1
299,2025-03-24,Monday,2025-03-24 15:12:18,15,8,21.18,24,5,served,C1
574,2025-03-24,Monday,2025-03-24 15:14:41,15,20,44.5,15,4,served,C2
46,2025-03-24,Monday,2025-03-24 15:16:01,15,20,52.68,11,5,served,C2
741,2025-03-24,Monday,2025-03-24 15:22:51,15,19,41.9,14,4,served,C2
25,2025-03-24,Monday,2025-03-24 15:44:09,15,7,52.51,16,15,served,C2
87,2025-03-24,Monday,2025-03-24 16:38:52,16,7,26.75,32,7,served,C2
102,2025-03-24,Monday,2025-03-24 16:46:09,16,15,83.57,36,11,served,C1
566,2025-03-24,Monday,2025-03-24 16:57:24,16,5,20.68,18,8,served,C2
744,2025-03-24,Monday,2025-03-24 17:03:07,17,16,44.8,6,5,served,C1
524,2025-03-24,Monday,2025-03-24 17:12:14,17,14,74.54,43,10,cancelled,C2
757,2025-03-24,Monday,2025-03-24 18:09:31,18,10,50.78,13,10,served,C2
945,2025-03-24,Monday,2025-03-24 18:22:04,18,17,207.06,32,24,served,C1
960,2025-03-24,Monday,2025-03-24 18:24:04,18,17,28.36,6,3,served,C1
7,2025-03-24,Monday,2025-03-24 18:31:20,18,11,100.11,29,18,cancelled,C2
14,2025-03-24,Monday,2025-03-24 19:03:30,19,8,52.63,16,13,served,C1
335,2025-03-24,Monday,2025-03-24 19:42:43,19,8,42.6,15,10,served,C1
164,2025-03-24,Monday,2025-03-24 19:45:50,19,10,7.06,20,1,served,C1
71,2025-03-25,Tuesday,2025-03-25 09:03:44,9,15,18.39,5,2,served,C1
336,2025-03-25,Tuesday,2025-03-25 09:13:31,9,16,72.61,15,9,served,C2
304,2025-03-25,Tuesday,2025-03-25 09:27:16,9,20,44.41,8,4,served,C2
160,2025-03-25,Tuesday,2025-03-25 09:30:36,9,11,45.33,19,8,served,C1
753,2025-03-25,Tuesday,2025-03-25 10:16:00,10,18,138.2,28,15,served,C2
825,2025-03-25,Tuesday,2025-03-25 10:25:58,10,13,39.98,28,6,served,C2
716,2025-03-25,Tuesday,2025-03-25 11:03:44,11,13,210.6,35,32,served,C1
281,2025-03-25,Tuesday,2025-03-25 11:07:03,11,10,29.65,8,5,served,C1
402,2025-03-25,Tuesday,2025-03-25 11:11:55,11,12,88.93,41,14,served,C2
740,2025-03-25,Tuesday,2025-03-25 11:37:41,11,13,40.21,24,6,served,C1
869,2025-03-25,Tuesday,2025-03-25 11:53:26,11,13,41.99,13,6,served,C2
232,2025-03-25,Tuesday,2025-03-25 12:16:23,12,17,80.26,37,9,served,C1
10,2025-03-25,Tuesday,2025-03-25 12:42:01,12,20,182.15,26,18,served,C1
544,2025-03-25,Tuesday,2025-03-25 12:44:03,12,7,1.09,15,0,served,C1
936,2025-03-25,Tuesday,2025-03-25 13:07:50,13,6,62.47,28,20,served,C1
843,2025-03-25,Tuesday,2025-03-25 13:11:41,13,6,106.26,44,34,served,C2
766,2025-03-25,Tuesday,2025-03-25 13:34:22,13,11,66.97,15,12,served,C1
875,2025-03-25,Tuesday,2025-03-25 13:54:50,13,7,4.33,17,0,served,C1
351,2025-03-25,Tuesday,2025-03-25 14:09:37,14,9,8.55,3,1,served,C1
43,2025-03-25,Tuesday,2025-03-25 14:17:00,14,10,30.99,19,6,served,C2
973,2025-03-25,Tuesday,2025-03-25 14:22:32,14,16,19.71,5,2,served,C1
682,2025-03-25,Tuesday,2025-03-25 14:22:50,14,13,1.09,8,0,cancelled,C1
361,2025-03-25,Tuesday,2025-03-25 14:43:16,14,13,47.39,19,7,served,C2
150,2025-03-25,Tuesday,2025-03-25 14:54:42,14,16,57.26,12,7,served,C2
695,2025-03-25,Tuesday,2025-03-25 15:05:38,15,14,32.42,17,4,served,C2
187,2025-03-25,Tuesday,2025-03-25 15:16:39,15,5,22.37,9,7,served,C2
243,2025-03-25,Tuesday,2025-03-25 15:19:46,15,12,74.22,13,12,served,C1
495,2025-03-25,Tuesday,2025-03-25 15:25:23,15,6,27.79,15,8,served,C1
728,2025-03-25,Tuesday,2025-03-25 15:30:59,15,13,19.62,6,3,served,C1
417,2025-03-25,Tuesday,2025-03-25 15:44:13,15,11,13.61,14,2,served,C1
447,2025-03-25,Tuesday,2025-03-25 15:49:10,15,14,39.78,13,5,served,C1
896,2025-03-25,Tuesday,2025-03-25 15:55:53,15,9,22.61,8,5,served,C2
512,2025-03-25,Tuesday,2025-03-25 16:14:00,16,7,41.04,34,11,served,C2
286,2025-03-25,Tuesday,2025-03-25 16:57:29,16,12,4.95,16,0,served,C2
987,2025-03-25,Tuesday,2025-03-25 16:57:31,16,9,81.19,34,18,served,C2
588,2025-03-25,Tuesday,2025-03-25 17:12:31,17,13,56.73,20,8,served,C1
832,2025-03-25,Tuesday,2025-03-25 17:29:49,17,13,145.85,40,22,served,C2
261,2025-03-25,Tuesday,2025-03-25 17:35:43,17,7,24.97,34,6,served,C1
173,2025-03-25,Tuesday,2025-03-25 18:55:45,18,15,143.85,36,19,served,C1
761,2025-03-25,Tuesday,2025-03-25 19:04:34,19,5,7.35,7,2,served,C2
767,2025-03-26,Wednesday,2025-03-26 09:12:52,9,19,3.92,8,0,served,C2
754,2025-03-26,Wednesday,2025-03-26 09:58:51,9,16,16.24,6,2,served,C1
963,2025-03-26,Wednesday,2025-03-26 10:00:56,10,5,63.91,37,24,served,C2
818,2025-03-26,Wednesday,2025-03-26 10:04:31,10,7,43.36,19,11,served,C2
387,2025-03-26,Wednesday,2025-03-26 10:24:54,10,20,20.73,6,2,served,C1
13,2025-03-26,Wednesday,2025-03-26 10:57:13,10,17,104.74,13,12,served,C1
880,2025-03-26,Wednesday,2025-03-26 11:32:56,11,13,80.49,37,12,served,C1
729,2025-03-26,Wednesday,2025-03-26 12:01:51,12,14,3.82,44,0,served,C2
857,2025-03-26,Wednesday,2025-03-26 12:09:18,12,8,76.62,22,18,served,C2
114,2025-03-26,Wednesday,2025-03-26 12:35:24,12,7,27.34,35,7,served,C2
579,2025-03-26,Wednesday,2025-03-26 12:41:40,12,10,9.32,15,1,served,C2
268,2025-03-26,Wednesday,2025-03-26 12:57:31,12,14,29.76,22,4,served,C2
421,2025-03-26,Wednesday,2025-03-26 13:09:01,13,10,64.42,35,12,served,C1
645,2025-03-26,Wednesday,2025-03-26 13:18:14,13,15,203.07,39,27,served,C1
433,2025-03-26,Wednesday,2025-03-26 13:31:49,13,14,144.52,35,20,served,C2
923,2025-03-26,Wednesday,2025-03-26 13:36:59,13,10,85.18,39,17,served,C2
540,2025-03-26,Wednesday,2025-03-26 14:06:14,14,16,0.64,3,0,served,C1
828,2025-03-26,Wednesday,2025-03-26 14:47:20,14,17,21.13,7,2,served,C1
332,2025-03-26,Wednesday,2025-03-26 15:11:20,15,16,3.11,17,0,served,C2
784,2025-03-26,Wednesday,2025-03-26 15:13:25,15,13,22.32,7,3,served,C1
192,2025-03-26,Wednesday,2025-03-26 15:17:48,15,17,21.38,5,2,served,C1
785,2025-03-26,Wednesday,2025-03-26 15:43:28,15,12,49.71,16,8,served,C2
121,2025-03-26,Wednesday,2025-03-26 15:47:20,15,8,37.92,20,9,served,C2
917,2025-03-26,Wednesday,2025-03-26 16:14:05,16,16,59.54,28,7,served,C1
140,2025-03-26,Wednesday,2025-03-26 16:17:12,16,10,88.84,40,17,served,C1
491,2025-03-26,Wednesday,2025-03-26 16:46:31,16,6,16.22,10,4,served,C1
96,2025-03-26,Wednesday,2025-03-26 17:05:41,17,7,44.68,38,12,served,C2
951,2025-03-26,Wednesday,2025-03-26 17:12:54,17,19,107.55,16,11,served,C1
149,2025-03-26,Wednesday,2025-03-26 17:26:19,17,10,16.3,12,3,served,C1
233,2025-03-26,Wednesday,2025-03-26 17:41:01,17,15,8.33,16,1,served,C2
248,2025-03-26,Wednesday,2025-03-26 17:57:47,17,14,52.4,20,7,served,C1
619,2025-03-26,Wednesday,2025-03-26 18:13:03,18,14,116.71,30,16,served,C2
618,2025-03-26,Wednesday,2025-03-26 18:20:37,18,14,80.37,38,11,served,C1
831,2025-03-26,Wednesday,2025-03-26 18:35:31,18,8,35.5,12,8,served,C2
133,2025-03-26,Wednesday,2025-03-26 18:39:32,18,19,19.96,12,2,served,C2
18,2025-03-26,Wednesday,2025-03-26 18:46:57,18,13,158.08,38,24,served,C1
365,2025-03-26,Wednesday,2025-03-26 19:30:06,19,17,36.61,15,4,served,C1
608,2025-03-26,Wednesday,2025-03-26 19:31:32,19,20,151.72,16,15,served,C1
427,2025-03-26,Wednesday,2025-03-26 19:40:47,19,9,33.29,11,7,served,C2
3,2025-03-27,Thursday,2025-03-27 09:00:40,9,16,60.63,13,7,served,C1
461,2025-03-27,Thursday,2025-03-27 09:17:02,9,15,16.61,6,2,served,C1
783,2025-03-27,Thursday,2025-03-27 09:21:17,9,14,37.25,6,5,served,C2
1000,2025-03-27,Thursday,2025-03-27 09:47:02,9,10,14.56,10,2,served,C1
353,2025-03-27,Thursday,2025-03-27 09:57:55,9,6,34.56,16,10,served,C1
148,2025-03-27,Thursday,2025-03-27 10:24:24,10,11,103.31,19,18,served,C1
415,2025-03-27,Thursday,2025-03-27 10:26:54,10,16,10.81,8,1,served,C2
928,2025-03-27,Thursday,2025-03-27 10:31:48,10,13,26.75,33,4,cancelled,C2
519,2025-03-27,Thursday,2025-03-27 10:35:50,10,11,11.8,8,2,served,C1
581,2025-03-27,Thursday,2025-03-27 10:55:19,10,5,36.44,39,14,served,C2
953,2025-03-27,Thursday,2025-03-27 11:24:09,11,17,20.24,13,2,served,C2
685,2025-03-27,Thursday,2025-03-27 11:31:21,11,7,22.08,8,5,served,C1
134,2025-03-27,Thursday,2025-03-27 11:33:19,11,7,21.24,41,5,served,C1
614,2025-03-27,Thursday,2025-03-27 11:47:10,11,11,29.93,11,5,served,C1
163,2025-03-27,Thursday,2025-03-27 11:48:10,11,9,160.07,41,35,served,C2
865,2025-03-27,Thursday,2025-03-27 11:58:53,11,20,41.53,19,4,served,C2
683,2025-03-27,Thursday,2025-03-27 12:22:41,12,19,9.88,15,1,served,C1
562,2025-03-27,Thursday,2025-03-27 12:23:17,12,13,8.55,19,1,served,C1
26,2025-03-27,Thursday,2025-03-27 13:15:42,13,19,79.84,15,8,served,C2
122,2025-03-27,Thursday,2025-03-27 13:19:12,13,5,2.25,8,0,served,C1
956,2025-03-27,Thursday,2025-03-27 13:23:29,13,14,52.33,30,7,served,C1
697,2025-03-27,Thursday,2025-03-27 13:38:04,13,20,111.36,39,11,served,C2
393,2025-03-27,Thursday,2025-03-27 14:15:21,14,16,59.57,20,7,cancelled,C1
144,2025-03-27,Thursday,2025-03-27 14:53:09,14,6,13.92,12,3,served,C2
779,2025-03-27,Thursday,2025-03-27 15:26:08,15,19,52.09,15,5,served,C2
586,2025-03-27,Thursday,2025-03-27 15:27:22,15,6,4.35,20,0,served,C2
546,2025-03-27,Thursday,2025-03-27 15:50:21,15,12,55.72,12,9,served,C1
817,2025-03-27,Thursday,2025-03-27 16:03:42,16,13,88.98,40,13,served,C1
505,2025-03-27,Thursday,2025-03-27 16:03:52,16,14,24.21,36,3,served,C1
183,2025-03-27,Thursday,2025-03-27 16:07:29,16,13,80.88,36,12,cancelled,C2
494,2025-03-27,Thursday,2025-03-27 16:13:44,16,18,207.42,26,23,served,C1
969,2025-03-27,Thursday,2025-03-27 16:22:19,16,12,36.92,10,6,served,C1
930,2025-03-27,Thursday,2025-03-27 16:33:09,16,17,181.12,32,21,served,C1
348,2025-03-27,Thursday,2025-03-27 17:16:35,17,10,61.44,30,12,served,C1
651,2025-03-27,Thursday,2025-03-27 17:18:14,17,10,14.54,10,2,served,C2
617,2025-03-27,Thursday,2025-03-27 17:37:41,17,7,117.67,40,33,served,C2
145,2025-03-27,Thursday,2025-03-27 18:37:22,18,20,112.79,16,11,served,C2
775,2025-03-27,Thursday,2025-03-27 19:13:01,19,18,28.33,20,3,served,C2
543,2025-03-27,Thursday,2025-03-27 19:22:25,19,10,8.49,9,1,served,C2
412,2025-03-27,Thursday,2025-03-27 19:27:10,19,10,11.08,9,2,served,C2
778,2025-03-27,Thursday,2025-03-27 19:28:38,19,18,138.03,16,15,served,C1
676,2025-03-27,Thursday,2025-03-27 19:41:52,19,13,16.38,8,2,served,C1
861,2025-03-27,Thursday,2025-03-27 19:55:41,19,18,19.31,10,2,served,C1
236,2025-03-28,Friday,2025-03-28 09:18:27,9,8,8.63,20,1,served,C1
812,2025-03-28,Friday,2025-03-28 09:30:16,9,10,24.16,5,4,served,C1
416,2025-03-28,Friday,2025-03-28 09:37:59,9,5,4.51,22,1,served,C2
570,2025-03-28,Friday,2025-03-28 10:05:33,10,19,29.43,42,3,served,C2
217,2025-03-28,Friday,2025-03-28 10:09:32,10,9,189.03,47,41,served,C1
654,2025-03-28,Friday,2025-03-28 10:33:36,10,12,56.72,15,9,served,C1
22,2025-03-28,Friday,2025-03-28 10:41:28,10,15,4.4,15,0,served,C1
597,2025-03-28,Friday,2025-03-28 11:17:54,11,19,98.26,27,10,served,C1
638,2025-03-28,Friday,2025-03-28 13:12:18,13,11,15.24,20,2,served,C1
989,2025-03-28,Friday,2025-03-28 13:40:12,13,15,7.52,47,1,served,C1
806,2025-03-28,Friday,2025-03-28 13:59:27,13,20,201.01,45,20,served,C1
325,2025-03-28,Friday,2025-03-28 14:21:00,14,5,21.56,11,7,served,C1
691,2025-03-28,Friday,2025-03-28 14:33:50,14,17,97.03,15,11,cancelled,C1
787,2025-03-28,Friday,2025-03-28 14:37:26,14,10,16.88,23,3,served,C2
258,2025-03-28,Friday,2025-03-28 14:48:14,14,5,1.65,18,0,served,C2
375,2025-03-28,Friday,2025-03-28 15:48:41,15,17,3.42,6,0,served,C1
523,2025-03-28,Friday,2025-03-28 15:55:26,15,19,31.11,9,3,served,C1
245,2025-03-28,Friday,2025-03-28 17:04:22,17,11,107.97,27,19,served,C1
756,2025-03-28,Friday,2025-03-28 17:36:05,17,16,97.19,18,12,served,C1
662,2025-03-28,Friday,2025-03-28 18:17:20,18,20,133.64,41,13,served,C1
480,2025-03-28,Friday,2025-03-28 18:32:44,18,9,36.5,11,8,served,C1
311,2025-03-28,Friday,2025-03-28 18:42:17,18,5,63.46,34,25,served,C2
189,2025-03-28,Friday,2025-03-28 19:15:38,19,18,1.58,3,0,served,C2
426,2025-03-28,Friday,2025-03-28 19:20:19,19,20,44.24,13,4,served,C1
852,2025-03-29,Saturday,2025-03-29 09:43:16,9,5,17.96,7,6,served,C2
444,2025-03-29,Saturday,2025-03-29 10:05:59,10,8,31.26,24,7,served,C1
773,2025-03-29,Saturday,2025-03-29 10:40:08,10,9,139.85,34,30,served,C1
451,2025-03-29,Saturday,2025-03-29 11:08:19,11,10,30.39,15,6,served,C1
443,2025-03-29,Saturday,2025-03-29 11:25:20,11,19,165.48,34,17,served,C1
90,2025-03-29,Saturday,2025-03-29 11:40:43,11,17,78.08,38,9,served,C2
615,2025-03-29,Saturday,2025-03-29 11:41:21,11,19,41.61,17,4,served,C2
112,2025-03-29,Saturday,2025-03-29 12:00:01,12,13,151.85,24,23,cancelled,C1
473,2025-03-29,Saturday,2025-03-29 12:19:21,12,13,7.81,9,1,served,C1
708,2025-03-29,Saturday,2025-03-29 12:23:22,12,13,82.44,17,12,served,C1
496,2025-03-29,Saturday,2025-03-29 12:51:58,12,16,3.87,38,0,served,C2
938,2025-03-29,Saturday,2025-03-29 13:32:11,13,12,0.96,26,0,served,C1
182,2025-03-29,Saturday,2025-03-29 13:41:08,13,11,114.99,22,20,served,C1
759,2025-03-29,Saturday,2025-03-29 13:49:04,13,14,109.59,24,15,served,C1
862,2025-03-29,Saturday,2025-03-29 13:58:35,13,13,131.98,22,20,served,C1
992,2025-03-29,Saturday,2025-03-29 14:11:25,14,5,5.21,14,2,served,C1
518,2025-03-29,Saturday,2025-03-29 14:45:12,14,19,41.92,9,4,served,C2
802,2025-03-29,Saturday,2025-03-29 14:48:58,14,14,24.61,11,3,served,C2
398,2025-03-29,Saturday,2025-03-29 15:09:00,15,10,43.7,13,8,served,C2
79,2025-03-29,Saturday,2025-03-29 15:23:27,15,13,2.29,13,0,served,C1
639,2025-03-29,Saturday,2025-03-29 15:48:10,15,19,68.06,13,7,served,C2
555,2025-03-29,Saturday,2025-03-29 16:20:23,16,5,43.0,20,16,served,C1
266,2025-03-29,Saturday,2025-03-29 16:28:15,16,20,173.81,23,17,served,C2
567,2025-03-29,Saturday,2025-03-29 16:47:27,16,5,12.76,28,4,served,C2
255,2025-03-29,Saturday,2025-03-29 16:56:36,16,12,162.85,30,27,served,C2
629,2025-03-29,Saturday,2025-03-29 17:46:59,17,18,22.97,32,2,served,C1
703,2025-03-29,Saturday,2025-03-29 18:11:45,18,17,106.49,17,12,served,C2
379,2025-03-29,Saturday,2025-03-29 18:14:03,18,9,121.84,34,26,served,C2
458,2025-03-29,Saturday,2025-03-29 18:22:48,18,11,134.56,30,24,served,C1
550,2025-03-29,Saturday,2025-03-29 18:26:34,18,9,83.91,25,18,served,C1
151,2025-03-29,Saturday,2025-03-29 18:52:09,18,9,0.86,5,0,served,C1
429,2025-03-29,Saturday,2025-03-29 19:38:17,19,10,0.15,2,0,served,C1
905,2025-03-29,Saturday,2025-03-29 19:40:10,19,19,116.96,14,12,served,C1
123,2025-03-30,Sunday,2025-03-30 09:41:50,9,12,9.39,2,1,served,C2
521,2025-03-30,Sunday,2025-03-30 10:17:26,10,15,100.77,20,13,served,C2
117,2025-03-30,Sunday,2025-03-30 10:29:28,10,16,107.96,19,13,served,C1
872,2025-03-30,Sunday,2025-03-30 10:33:11,10,6,19.39,11,5,served,C1
308,2025-03-30,Sunday,2025-03-30 10:47:34,10,10,181.11,38,36,served,C1
484,2025-03-30,Sunday,2025-03-30 11:10:09,11,17,97.75,15,11,served,C2
371,2025-03-30,Sunday,2025-03-30 11:33:35,11,14,143.82,32,20,served,C1
577,2025-03-30,Sunday,2025-03-30 11:46:34,11,9,55.6,20,12,served,C1
531,2025-03-30,Sunday,2025-03-30 11:52:42,11,17,106.69,17,12,served,C2
483,2025-03-30,Sunday,2025-03-30 11:57:02,11,11,167.94,34,30,served,C1
316,2025-03-30,Sunday,2025-03-30 11:57:16,11,7,40.06,15,11,served,C1
786,2025-03-30,Sunday,2025-03-30 11:58:28,11,11,112.06,38,20,served,C1
721,2025-03-30,Sunday,2025-03-30 12:07:50,12,12,64.12,11,10,served,C1
490,2025-03-30,Sunday,2025-03-30 12:16:18,12,12,42.78,22,7,served,C1
138,2025-03-30,Sunday,2025-03-30 13:20:13,13,19,136.52,19,14,served,C1
898,2025-03-30,Sunday,2025-03-30 13:36:13,13,14,157.29,30,22,served,C1
848,2025-03-30,Sunday,2025-03-30 14:16:44,14,9,39.73,10,8,served,C2
165,2025-03-30,Sunday,2025-03-30 14:40:08,14,9,20.65,7,4,served,C1
698,2025-03-30,Sunday,2025-03-30 14:57:08,14,20,50.31,11,5,served,C1
265,2025-03-30,Sunday,2025-03-30 15:00:53,15,14,23.91,7,3,served,C2
313,2025-03-30,Sunday,2025-03-30 15:09:56,15,14,42.03,12,6,served,C2
285,2025-03-30,Sunday,2025-03-30 15:17:16,15,13,36.32,9,5,served,C1
768,2025-03-30,Sunday,2025-03-30 15:22:24,15,19,30.36,9,3,served,C2
632,2025-03-30,Sunday,2025-03-30 15:46:26,15,18,64.75,13,7,served,C1
254,2025-03-30,Sunday,2025-03-30 16:36:23,16,19,125.41,18,13,served,C1
593,2025-03-30,Sunday,2025-03-30 17:46:53,17,7,0.48,5,0,served,C2
69,2025-03-30,Sunday,2025-03-30 17:48:40,17,16,184.45,30,23,served,C1
606,2025-03-30,Sunday,2025-03-30 18:10:47,18,5,5.14,34,1,served,C2
42,2025-03-30,Sunday,2025-03-30 19:20:28,19,6,12.35,8,3,served,C2
437,2025-03-30,Sunday,2025-03-30 19:20:30,19,9,30.35,10,6,served,C2
